0.000000,100,0,1000,1,0,3790
0.010000,100,0,1000,1,0.0515369,3790
0.020000,100,0,1105.07,1,0.10288,3684.93
0.030000,100,0,1208.87,1,0.16591,3581.13
0.040000,100,0,1310.65,1,0.241557,3479.35
0.050000,100,0,1407.52,1,0.33059,3382.48
0.060000,100,0,1499.25,1,0.433254,3290.75
0.070000,100,0,1585.67,1,0.549592,3204.33
0.080000,100,0,1666.73,1,0.679462,3123.27
0.090000,100,0,1742.11,1,0.822555,3047.89
0.100000,100,0,1811.87,1,0.978361,2978.13
0.110000,100,0,1876.16,1,1.14624,2913.84
0.120000,100,0,1935.2,1,1.32547,2854.8
0.130000,100,0,1989.23,1,1.51526,2800.77
0.140000,100,0,2038.52,1,1.71477,2751.48
0.150000,100,0,2083.4,1,1.92315,2706.6
0.160000,100,0,2124.15,1,2.13956,2665.85
0.170000,100,0,2160.96,1,2.36397,2629.04
0.180000,100,0,2194.08,1,2.59563,2595.92
0.190000,100,0,2223.81,1,2.83378,2566.19
0.200000,100,0,2250.4,1,3.07773,2539.6
0.210000,100,0,2274.12,1,3.3268,2515.88
0.220000,100,0,2295.2,1,3.58036,2494.8
0.230000,100,0,2313.89,1,3.8378,2476.11
0.240000,100,0,2330.38,1,4.09858,2459.62
0.250000,100,0,2344.89,1,4.36217,2445.11
0.260000,100,0,2357.63,1,4.62801,2432.37
0.270000,100,0,2368.96,1,4.89488,2421.04
0.280000,100,0,2379.03,1,5.16243,2410.97
0.290000,100,0,2387.97,1,5.43035,2402.03
0.300000,100,0,2395.89,1,5.69833,2394.11
0.310000,100,0,2402.9,1,5.96612,2387.1
0.320000,100,0,2409.09,1,6.2335,2380.91
0.330000,100,0,2414.55,1,6.50025,2375.45
0.340000,100,0,2419.36,1,6.7662,2370.64
0.350000,100,0,2423.7,1,7.03097,2366.3
0.360000,100,0,2428.02,1,7.29379,2361.98
0.370000,100,0,2432.31,1,7.55468,2357.69
0.380000,100,0,2436.56,1,7.81367,2353.44
0.390000,100,0,2440.79,1,8.07077,2349.21
0.400000,100,0,2444.98,1,8.326,2345.02
0.410000,100,0,2449.14,1,8.5794,2340.86
0.420000,100,0,2453.26,1,8.83097,2336.74
0.430000,100,0,2457.35,1,9.08073,2332.65
0.440000,100,0,2461.4,1,9.3287,2328.6
0.450000,100,0,2465.62,1,9.57413,2324.38
0.460000,100,0,2469.96,1,9.81709,2320.04
0.470000,100,0,2474.41,1,10.0577,2315.59
0.480000,100,0,2478.95,1,10.296,2311.05
0.490000,100,0,2483.55,1,10.532,2306.45
0.500000,100,0,2488.2,1,10.7659,2301.8
0.510000,100,0,2492.89,1,10.9977,2297.11
0.520000,100,0,2497.61,1,11.2274,2292.39
0.530000,100,0,2502.34,1,11.4551,2287.66
0.540000,100,0,2507.08,1,11.6808,2282.92
0.550000,100,0,2512,1,11.9043,2278
0.560000,100,0,2517.27,1,12.1253,2272.73
0.570000,100,0,2522.82,1,12.3441,2267.18
0.580000,100,0,2528.6,1,12.5608,2261.4
0.590000,100,0,2534.57,1,12.7754,2255.43
0.600000,100,0,2540.69,1,12.9881,2249.31
0.610000,100,0,2546.93,1,13.1989,2243.07
0.620000,100,0,2553.27,1,13.408,2236.73
0.630000,100,0,2559.67,1,13.6154,2230.33
0.640000,100,0,2566.13,1,13.8211,2223.87
0.650000,100,0,2572.61,1,14.0253,2217.39
0.660000,100,0,2579.12,1,14.2278,2210.88
0.670000,100,0,2585.64,1,14.4289,2204.36
0.680000,100,0,2592.37,1,14.6282,2197.63
0.690000,100,0,2599.42,1,14.8256,2190.58
0.700000,100,0,2606.72,1,15.0213,2183.28
0.710000,100,0,2614.23,1,15.2153,2175.77
0.720000,100,0,2621.89,1,15.4078,2168.11
0.730000,100,0,2629.68,1,15.5989,2160.32
0.740000,100,0,2637.56,1,15.7886,2152.44
0.750000,100,0,2645.5,1,15.977,2144.5
0.760000,100,0,2653.49,1,16.1641,2136.51
0.770000,100,0,2661.5,1,16.35,2128.5
0.780000,100,0,2669.53,1,16.5347,2120.47
0.790000,100,0,2677.55,1,16.7183,2112.45
0.800000,100,0,2685.55,1,16.9008,2104.45
0.810000,100,0,2693.54,1,17.0822,2096.46
0.820000,100,0,2701.49,1,17.2625,2088.51
0.830000,100,0,2709.41,1,17.4418,2080.59
0.840000,100,0,2717.29,1,17.6201,2072.71
0.850000,100,0,2725.21,1,17.7972,2064.79
0.860000,100,0,2733.31,1,17.9731,2056.69
0.870000,100,0,2741.54,1,18.1477,2048.46
0.880000,100,0,2749.86,1,18.3213,2040.14
0.890000,100,0,2758.26,1,18.4938,2031.74
0.900000,100,0,2766.7,1,18.6652,2023.3
0.910000,100,0,2775.17,1,18.8357,2014.83
0.920000,100,0,2783.65,1,19.0052,2006.35
0.930000,100,0,2792.13,1,19.1738,1997.87
0.940000,100,0,2800.6,1,19.3416,1989.4
0.950000,100,0,2809.04,1,19.5084,1980.96
0.960000,100,0,2817.38,1,19.6745,1972.62
0.970000,100,0,2825.63,1,19.8396,1964.37
0.980000,100,0,2833.8,1,20.004,1956.2
0.990000,100,0,2841.89,1,20.1674,1948.11
1.000000,100,0,2849.89,1,20.3301,1940.11
1.010000,100,0,2857.81,1,20.4919,1932.19
1.020000,100,0,2865.66,1,20.6529,1924.34
1.030000,100,0,2873.43,1,20.813,1916.57
1.040000,100,0,2881.14,1,20.9723,1908.86
1.050000,100,0,2888.77,1,21.1309,1901.23
1.060000,100,0,2896.33,1,21.2886,1893.67
1.070000,100,0,2903.83,1,21.4454,1886.17
1.080000,100,0,2911.26,1,21.6015,1878.74
1.090000,100,0,2918.79,1,21.7566,1871.21
1.100000,100,0,2926.42,1,21.9107,1863.58
1.110000,100,0,2934.18,1,22.0639,1855.82
1.120000,100,0,2942.33,1,22.2156,1847.67
1.130000,100,0,2950.79,1,22.3661,1839.21
1.140000,100,0,2959.46,1,22.5154,1830.54
1.150000,100,0,2968.24,1,22.6639,1821.76
1.160000,100,0,2977.09,1,22.8115,1812.91
1.170000,100,0,2985.98,1,22.9583,1804.02
1.180000,100,0,2995.01,1,23.1044,1794.99
1.190000,100,0,3004.17,1,23.2497,1785.83
1.200000,100,0,3013.4,1,23.3943,1776.6
1.210000,100,0,3022.73,1,23.5382,1767.27
1.220000,100,0,3032.34,1,23.6813,1757.66
1.230000,100,0,3042.13,1,23.8236,1747.87
1.240000,100,0,3052.06,1,23.9652,1737.94
1.250000,100,0,3062.07,1,24.1063,1727.93
1.260000,100,0,3072.09,1,24.247,1717.91
1.270000,100,0,3082.11,1,24.3874,1707.89
1.280000,100,0,3092.11,1,24.5274,1697.89
1.290000,100,0,3102.1,1,24.6672,1687.9
1.300000,100,0,3112.28,1,24.8066,1677.72
1.310000,100,0,3122.9,1,24.9456,1667.1
1.320000,100,0,3133.82,1,25.0842,1656.18
1.330000,100,0,3144.94,1,25.2226,1645.06
1.340000,100,0,3156.19,1,25.3609,1633.81
1.350000,100,0,3167.52,1,25.4991,1622.48
1.360000,100,0,3178.86,1,25.6373,1611.14
1.370000,100,0,3190.19,1,25.7754,1599.81
1.380000,100,0,3201.5,1,25.9136,1588.5
1.390000,100,0,3212.8,1,26.0517,1577.2
1.400000,100,0,3224.08,1,26.1898,1565.92
1.410000,100,0,3235.33,1,26.3279,1554.67
1.420000,100,0,3246.89,1,26.4656,1543.11
1.430000,100,0,3258.84,1,26.6029,1531.16
1.440000,100,0,3271.03,1,26.7398,1518.97
1.450000,100,0,3283.34,1,26.8766,1506.66
1.460000,100,0,3295.73,1,27.0133,1494.27
1.470000,100,0,3308.15,1,27.1498,1481.85
1.480000,100,0,3320.58,1,27.2863,1469.42
1.490000,100,0,3333,1,27.4227,1457
1.500000,100,0,3345.57,1,27.559,1444.43
1.510000,100,0,3358.3,1,27.6951,1431.7
1.520000,100,0,3371.12,1,27.8312,1418.88
1.530000,100,0,3383.97,1,27.9672,1406.03
1.540000,100,0,3396.85,1,28.1032,1393.15
1.550000,100,0,3409.72,1,28.2392,1380.28
1.560000,100,0,3422.58,1,28.3752,1367.42
1.570000,100,0,3435.43,1,28.5112,1354.57
1.580000,100,0,3448.27,1,28.6473,1341.73
1.590000,100,0,3461.09,1,28.7833,1328.91
1.600000,100,0,3473.95,1,28.9194,1316.05
1.610000,100,0,3486.93,1,29.0553,1303.07
1.620000,100,0,3499.98,1,29.1911,1290.02
1.630000,100,0,3513.04,1,29.3269,1276.96
1.640000,100,0,3526.12,1,29.4628,1263.88
1.650000,100,0,3539.19,1,29.5986,1250.81
1.660000,100,0,3552.25,1,29.7344,1237.75
1.670000,100,0,3565.3,1,29.8703,1224.7
1.680000,100,0,3578.34,1,30.0062,1211.66
1.690000,100,0,3591.36,1,30.1421,1198.64
1.700000,100,0,3604.36,1,30.278,1185.64
1.710000,100,0,3617.27,1,30.4139,1172.73
1.720000,100,0,3629.98,1,30.5498,1160.02
1.730000,100,0,3642.55,1,30.6856,1147.45
1.740000,100,0,3655.03,1,30.8214,1134.97
1.750000,100,0,3667.44,1,30.9569,1122.56
1.760000,100,0,3679.8,1,31.0923,1110.2
1.770000,100,0,3692.11,1,31.2276,1097.89
1.780000,100,0,3704.38,1,31.3627,1085.62
1.790000,100,0,3716.61,1,31.4976,1073.39
1.800000,100,0,3728.79,1,31.6324,1061.21
1.810000,100,0,3740.94,1,31.7669,1049.06
1.820000,100,0,3753.05,1,31.9014,1036.95
1.830000,100,0,3765.24,1,32.0355,1024.76
1.840000,100,0,3777.92,1,32.1689,1012.08
1.850000,100,0,3790.78,1,32.302,999.223
1.860000,100,0,3803.69,1,32.4347,986.315
1.870000,100,0,3816.59,1,32.5672,973.406
1.880000,100,0,3829.48,1,32.6995,960.517
1.890000,100,0,3842.34,1,32.8317,947.658
1.900000,100,0,3855.17,1,32.9636,934.832
1.910000,100,0,3867.96,1,33.0953,922.041
1.920000,100,0,3880.71,1,33.2269,909.286
1.930000,100,0,3893.43,1,33.3582,896.565
1.940000,100,0,3906.12,1,33.4894,883.881
1.950000,100,0,3918.77,1,33.6204,871.232
1.960000,100,0,3931.38,1,33.7512,858.618
1.970000,100,0,3943.96,1,33.8818,846.04
1.980000,100,0,3956.5,1,34.0122,833.496
1.990000,100,0,3969.01,1,34.1424,820.988
2.000000,100,0,3981.49,1,34.2725,808.514
2.010000,100,0,3993.93,1,34.4024,796.075
2.020000,100,0,4006.33,1,34.532,783.67
2.030000,100,0,4018.71,1,34.6615,771.293
2.040000,100,0,4031.06,1,34.7908,758.939
2.050000,100,0,4043.39,1,34.92,746.613
2.060000,100,0,4055.68,1,35.0489,734.318
2.070000,100,0,4067.95,1,35.1777,722.054
2.080000,100,0,4080.18,1,35.3064,709.821
2.090000,100,0,4092.38,1,35.4348,697.62
2.100000,100,0,4104.55,1,35.5631,685.451
2.110000,100,0,4116.69,1,35.6912,673.314
2.120000,100,0,4128.79,1,35.8191,661.209
2.130000,100,0,4140.86,1,35.9469,649.135
2.140000,100,0,4152.91,1,36.0745,637.093
2.150000,100,0,4164.92,1,36.202,625.083
2.160000,100,0,4176.9,1,36.3292,613.103
2.170000,100,0,4188.84,1,36.4563,601.155
2.180000,100,0,4200.76,1,36.5833,589.238
2.190000,100,0,4212.65,1,36.71,577.352
2.200000,100,0,4224.5,1,36.8366,565.496
2.210000,100,0,4236.33,1,36.9631,553.672
2.220000,100,0,4248.12,1,37.0893,541.878
2.230000,100,0,4259.89,1,37.2154,530.114
2.240000,100,0,4271.62,1,37.3414,518.381
2.250000,100,0,4283.32,1,37.4672,506.678
2.260000,100,0,4294.99,1,37.5928,495.005
2.270000,100,0,4306.64,1,37.7182,483.363
2.280000,100,0,4318.25,1,37.8435,471.75
2.290000,100,0,4329.83,1,37.9686,460.167
2.300000,100,0,4341.39,1,38.0936,448.614
2.310000,100,0,4352.91,1,38.2184,437.09
2.320000,100,0,4364.4,1,38.343,425.596
2.330000,100,0,4375.87,1,38.4675,414.131
2.340000,100,0,4387.3,1,38.5918,402.695
2.350000,100,0,4398.71,1,38.7159,391.289
2.360000,100,0,4410.09,1,38.8399,379.911
2.370000,100,0,4421.25,1,38.9637,368.746
2.380000,100,0,4432.25,1,39.0873,357.746
2.390000,100,0,4443.14,1,39.2107,346.859
2.400000,100,0,4453.94,1,39.3337,336.058
2.410000,100,0,4464.67,1,39.4564,325.327
2.420000,100,0,4475.34,1,39.5789,314.657
2.430000,100,0,4485.96,1,39.7009,304.04
2.440000,100,0,4496.52,1,39.8227,293.475
2.450000,100,0,4507.04,1,39.9442,282.96
2.460000,100,0,4517.51,1,40.0653,272.492
2.470000,100,0,4527.93,1,40.1861,262.072
2.480000,100,0,4538.3,1,40.3066,251.698
2.490000,100,0,4548.63,1,40.4268,241.37
2.500000,100,0,4558.91,1,40.5467,231.088
2.510000,100,0,4569.15,1,40.6662,220.851
2.520000,100,0,4579.34,1,40.7855,210.66
2.530000,100,0,4589.49,1,40.9044,200.513
2.540000,100,0,4599.59,1,41.023,190.41
2.550000,100,0,4609.65,1,41.1413,180.352
2.560000,100,0,4619.66,1,41.2593,170.338
2.570000,100,0,4629.63,1,41.377,160.367
2.580000,100,0,4639.56,1,41.4944,150.44
2.590000,100,0,4649.44,1,41.6115,140.556
2.600000,100,0,4659.28,1,41.7282,130.715
2.610000,100,0,4669.08,1,41.8447,120.917
2.620000,100,0,4678.84,1,41.9609,111.162
2.630000,100,0,4688.55,1,42.0767,101.448
2.640000,100,0,4698.22,1,42.1923,91.7772
2.650000,100,0,4707.85,1,42.3076,82.1478
2.660000,100,0,4717.44,1,42.4226,72.5599
2.670000,100,0,4726.99,1,42.5372,63.0134
2.680000,100,0,4736.49,2,42.6516,53.508
2.690000,100,0,4377.24,2,43.0682,53.508
2.700000,100,0,4122.38,2,43.3843,53.508
2.710000,100,0,3931.62,2,43.6373,53.508
2.720000,100,0,3787.93,2,43.8459,53.508
2.730000,100,0,3678.07,2,44.0237,53.508
2.740000,100,0,3592.69,2,44.1797,53.508
2.750000,100,0,3525.92,2,44.3193,53.508
2.760000,100,0,3475.07,2,44.4444,53.508
2.770000,100,0,3436.62,2,44.5589,53.508
2.780000,100,0,3408.88,2,44.6646,53.508
2.790000,100,0,3388.69,2,44.7648,53.508
2.800000,100,0,3375.99,2,44.8604,53.508
2.810000,100,0,3368.33,2,44.9528,53.508
2.820000,100,0,3364.04,2,45.0432,53.508
2.830000,100,0,3362.09,2,45.132,53.508
2.840000,100,0,3362.03,2,45.2197,53.508
2.850000,100,0,3363.75,2,45.3063,53.508
2.860000,100,0,3366.58,2,45.3921,53.508
2.870000,100,0,3370.1,2,45.4775,53.508
2.880000,100,0,3374.04,2,45.5626,53.508
2.890000,100,0,3378.26,2,45.6475,53.508
2.900000,100,0,3382.65,2,45.7323,53.508
2.910000,100,0,3387.14,2,45.817,53.508
2.920000,100,0,3391.7,2,45.9016,53.508
2.930000,100,0,3396.31,2,45.9862,53.508
2.940000,100,0,3400.93,2,46.0708,53.508
2.950000,100,0,3405.57,2,46.1553,53.508
2.960000,100,0,3410.22,2,46.2398,53.508
2.970000,100,0,3414.87,2,46.3243,53.508
2.980000,100,0,3419.53,2,46.4087,53.508
2.990000,100,0,3424.23,2,46.4931,53.508
3.000000,100,0,3429.01,2,46.5775,53.508
3.010000,100,0,3433.83,2,46.6618,53.508
3.020000,100,0,3438.67,2,46.7461,53.508
3.030000,100,0,3443.51,2,46.8304,53.508
3.040000,100,0,3448.37,2,46.9147,53.508
3.050000,100,0,3453.23,2,46.999,53.508
3.060000,100,0,3458.08,2,47.0833,53.508
3.070000,100,0,3462.94,2,47.1675,53.508
3.080000,100,0,3467.79,2,47.2518,53.508
3.090000,100,0,3472.64,2,47.336,53.508
3.100000,100,0,3477.49,2,47.4203,53.508
3.110000,100,0,3482.33,2,47.5046,53.508
3.120000,100,0,3487.17,2,47.5888,53.508
3.130000,100,0,3492.01,2,47.673,53.508
3.140000,100,0,3496.84,2,47.7573,53.508
3.150000,100,0,3501.68,2,47.8415,53.508
3.160000,100,0,3506.51,2,47.9257,53.508
3.170000,100,0,3511.33,2,48.01,53.508
3.180000,100,0,3516.15,2,48.0942,53.508
3.190000,100,0,3520.97,2,48.1784,53.508
3.200000,100,0,3525.79,2,48.2626,53.508
3.210000,100,0,3530.6,2,48.3468,53.508
3.220000,100,0,3535.41,2,48.431,53.508
3.230000,100,0,3540.22,2,48.5152,53.508
3.240000,100,0,3545.02,2,48.5994,53.508
3.250000,100,0,3549.83,2,48.6836,53.508
3.260000,100,0,3554.62,2,48.7677,53.508
3.270000,100,0,3559.42,2,48.8519,53.508
3.280000,100,0,3564.26,2,48.9361,53.508
3.290000,100,0,3569.15,2,49.0202,53.508
3.300000,100,0,3574.05,2,49.1043,53.508
3.310000,100,0,3578.97,2,49.1883,53.508
3.320000,100,0,3583.88,2,49.2724,53.508
3.330000,100,0,3588.8,2,49.3565,53.508
3.340000,100,0,3593.72,2,49.4405,53.508
3.350000,100,0,3598.64,2,49.5245,53.508
3.360000,100,0,3603.56,2,49.6086,53.508
3.370000,100,0,3608.41,2,49.6926,53.508
3.380000,100,0,3613.2,2,49.7766,53.508
3.390000,100,0,3617.96,2,49.8606,53.508
3.400000,100,0,3622.69,2,49.9445,53.508
3.410000,100,0,3627.41,2,50.0284,53.508
3.420000,100,0,3632.11,2,50.1123,53.508
3.430000,100,0,3636.81,2,50.1961,53.508
3.440000,100,0,3641.5,2,50.2798,53.508
3.450000,100,0,3646.18,2,50.3635,53.508
3.460000,100,0,3650.86,2,50.4471,53.508
3.470000,100,0,3655.53,2,50.5307,53.508
3.480000,100,0,3660.19,2,50.6142,53.508
3.490000,100,0,3664.85,2,50.6977,53.508
3.500000,100,0,3669.5,2,50.7812,53.508
3.510000,100,0,3674.15,2,50.8645,53.508
3.520000,100,0,3678.79,2,50.9479,53.508
3.530000,100,0,3683.42,2,51.0311,53.508
3.540000,100,0,3688.04,2,51.1144,53.508
3.550000,100,0,3692.66,2,51.1975,53.508
3.560000,100,0,3697.28,2,51.2807,53.508
3.570000,100,0,3701.89,2,51.3637,53.508
3.580000,100,0,3706.49,2,51.4468,53.508
3.590000,100,0,3711.09,2,51.5297,53.508
3.600000,100,0,3715.68,2,51.6126,53.508
3.610000,100,0,3720.26,2,51.6955,53.508
3.620000,100,0,3724.84,2,51.7783,53.508
3.630000,100,0,3729.41,2,51.8611,53.508
3.640000,100,0,3733.98,2,51.9438,53.508
3.650000,100,0,3738.54,2,52.0265,53.508
3.660000,100,0,3743.09,2,52.1091,53.508
3.670000,100,0,3747.64,2,52.1916,53.508
3.680000,100,0,3752.18,2,52.2742,53.508
3.690000,100,0,3756.72,2,52.3566,53.508
3.700000,100,0,3761.25,2,52.439,53.508
3.710000,100,0,3765.77,2,52.5214,53.508
3.720000,100,0,3770.29,2,52.6037,53.508
3.730000,100,0,3774.8,2,52.686,53.508
3.740000,100,0,3779.31,2,52.7682,53.508
3.750000,100,0,3783.81,2,52.8503,53.508
3.760000,100,0,3788.3,2,52.9324,53.508
3.770000,100,0,3792.79,2,53.0145,53.508
3.780000,100,0,3797.28,2,53.0965,53.508
3.790000,100,0,3801.75,2,53.1784,53.508
3.800000,100,0,3806.23,2,53.2603,53.508
3.810000,100,0,3810.69,2,53.3422,53.508
3.820000,100,0,3815.15,2,53.424,53.508
3.830000,100,0,3819.61,2,53.5058,53.508
3.840000,100,0,3824.05,2,53.5875,53.508
3.850000,100,0,3828.5,2,53.6691,53.508
3.860000,100,0,3832.93,2,53.7507,53.508
3.870000,100,0,3837.37,2,53.8323,53.508
3.880000,100,0,3841.93,2,53.9137,53.508
3.890000,100,0,3846.64,2,53.995,53.508
3.900000,100,0,3851.41,2,54.0761,53.508
3.910000,100,0,3856.2,2,54.1573,53.508
3.920000,100,0,3860.99,2,54.2383,53.508
3.930000,100,0,3865.79,2,54.3193,53.508
3.940000,100,0,3870.58,2,54.4002,53.508
3.950000,100,0,3875.37,2,54.4811,53.508
3.960000,100,0,3880.15,2,54.5619,53.508
3.970000,100,0,3884.92,2,54.6427,53.508
3.980000,100,0,3889.69,2,54.7234,53.508
3.990000,100,0,3894.46,2,54.804,53.508
4.000000,100,0,3899.22,2,54.8846,53.508
4.010000,100,0,3903.97,2,54.9652,53.508
4.020000,100,0,3908.72,2,55.0456,53.508
4.030000,100,0,3913.46,2,55.1261,53.508
4.040000,100,0,3918.2,2,55.2065,53.508
4.050000,100,0,3922.93,2,55.2868,53.508
4.060000,100,0,3927.65,2,55.367,53.508
4.070000,100,0,3932.37,2,55.4472,53.508
4.080000,100,0,3937.09,2,55.5274,53.508
4.090000,100,0,3941.8,2,55.6075,53.508
4.100000,100,0,3946.5,2,55.6875,53.508
4.110000,100,0,3951.2,2,55.7675,53.508
4.120000,100,0,3955.89,2,55.8475,53.508
4.130000,100,0,3960.57,2,55.9273,53.508
4.140000,100,0,3965.25,2,56.0072,53.508
4.150000,100,0,3969.93,2,56.0869,53.508
4.160000,100,0,3974.6,2,56.1666,53.508
4.170000,100,0,3979.26,2,56.2463,53.508
4.180000,100,0,3983.92,2,56.3259,53.508
4.190000,100,0,3988.57,2,56.4055,53.508
4.200000,100,0,3993.22,2,56.485,53.508
4.210000,100,0,3997.86,2,56.5644,53.508
4.220000,100,0,4002.5,2,56.6438,53.508
4.230000,100,0,4007.13,2,56.7231,53.508
4.240000,100,0,4011.76,2,56.8024,53.508
4.250000,100,0,4016.39,2,56.8816,53.508
4.260000,100,0,4021.01,2,56.9608,53.508
4.270000,100,0,4025.63,2,57.0399,53.508
4.280000,100,0,4030.25,2,57.119,53.508
4.290000,100,0,4034.86,2,57.198,53.508
4.300000,100,0,4039.46,2,57.277,53.508
4.310000,100,0,4044.06,2,57.3559,53.508
4.320000,100,0,4048.65,2,57.4348,53.508
4.330000,100,0,4053.24,2,57.5136,53.508
4.340000,100,0,4057.82,2,57.5923,53.508
4.350000,100,0,4062.4,2,57.6711,53.508
4.360000,100,0,4066.97,2,57.7497,53.508
4.370000,100,0,4071.54,2,57.8283,53.508
4.380000,100,0,4076.1,2,57.9069,53.508
4.390000,100,0,4080.66,2,57.9854,53.508
4.400000,100,0,4085.21,2,58.0639,53.508
4.410000,100,0,4089.75,2,58.1423,53.508
4.420000,100,0,4094.3,2,58.2206,53.508
4.430000,100,0,4098.83,2,58.2989,53.508
4.440000,100,0,4103.36,2,58.3772,53.508
4.450000,100,0,4107.89,2,58.4554,53.508
4.460000,100,0,4112.41,2,58.5336,53.508
4.470000,100,0,4116.93,2,58.6117,53.508
4.480000,100,0,4121.44,2,58.6897,53.508
4.490000,100,0,4125.94,2,58.7677,53.508
4.500000,100,0,4130.44,2,58.8457,53.508
4.510000,100,0,4134.94,2,58.9236,53.508
4.520000,100,0,4139.43,2,59.0014,53.508
4.530000,100,0,4143.91,2,59.0792,53.508
4.540000,100,0,4148.39,2,59.157,53.508
4.550000,100,0,4152.87,2,59.2347,53.508
4.560000,100,0,4157.34,2,59.3123,53.508
4.570000,100,0,4161.8,2,59.3899,53.508
4.580000,100,0,4166.27,2,59.4675,53.508
4.590000,100,0,4170.72,2,59.545,53.508
4.600000,100,0,4175.17,2,59.6224,53.508
4.610000,100,0,4179.62,2,59.6998,53.508
4.620000,100,0,4184.06,2,59.7772,53.508
4.630000,100,0,4188.49,2,59.8545,53.508
4.640000,100,0,4192.92,2,59.9317,53.508
4.650000,100,0,4197.35,2,60.0089,53.508
4.660000,100,0,4201.77,2,60.0861,53.508
4.670000,100,0,4206.18,2,60.1632,53.508
4.680000,100,0,4210.59,2,60.2402,53.508
4.690000,100,0,4215,2,60.3172,53.508
4.700000,100,0,4219.4,2,60.3942,53.508
4.710000,100,0,4223.79,2,60.4711,53.508
4.720000,100,0,4228.18,2,60.5479,53.508
4.730000,100,0,4232.57,2,60.6247,53.508
4.740000,100,0,4236.95,2,60.7015,53.508
4.750000,100,0,4241.33,2,60.7782,53.508
4.760000,100,0,4245.7,2,60.8548,53.508
4.770000,100,0,4250.06,2,60.9314,53.508
4.780000,100,0,4254.42,2,61.008,53.508
4.790000,100,0,4258.78,2,61.0845,53.508
4.800000,100,0,4263.13,2,61.161,53.508
4.810000,100,0,4267.48,2,61.2374,53.508
4.820000,100,0,4271.82,2,61.3137,53.508
4.830000,100,0,4276.16,2,61.39,53.508
4.840000,100,0,4280.49,2,61.4663,53.508
4.850000,100,0,4284.82,2,61.5425,53.508
4.860000,100,0,4289.14,2,61.6187,53.508
4.870000,100,0,4293.46,2,61.6948,53.508
4.880000,100,0,4297.77,2,61.7708,53.508
4.890000,100,0,4302.08,2,61.8468,53.508
4.900000,100,0,4306.38,2,61.9228,53.508
4.910000,100,0,4310.68,2,61.9987,53.508
4.920000,100,0,4314.97,2,62.0746,53.508
4.930000,100,0,4319.26,2,62.1504,53.508
4.940000,100,0,4323.55,2,62.2262,53.508
4.950000,100,0,4327.83,2,62.3019,53.508
4.960000,100,0,4332.1,2,62.3775,53.508
4.970000,100,0,4336.37,2,62.4532,53.508
4.980000,100,0,4340.64,2,62.5287,53.508
4.990000,100,0,4344.9,2,62.6043,53.508
5.000000,100,0,4349.15,2,62.6797,53.508
5.010000,99.6937,79.8857,4353.4,2,62.7552,53.508
5.020000,99.6937,79.8857,4357.49,2,62.8258,53.508
5.030000,99.6937,79.8857,4361.53,2,62.8965,53.508
5.040000,99.6937,79.8857,4365.54,2,62.9671,53.508
5.050000,99.6937,79.8857,4369.53,2,63.0376,53.508
5.060000,99.6937,79.8857,4373.5,2,63.1082,53.508
5.070000,99.6937,79.8857,4377.47,2,63.1787,53.508
5.080000,99.6937,79.8857,4381.43,2,63.2491,53.508
5.090000,99.6937,79.8857,4385.39,2,63.3195,53.508
5.100000,99.6937,79.8857,4389.34,2,63.3899,53.508
5.110000,99.6937,79.8857,4393.28,2,63.4602,53.508
5.120000,99.6937,79.8857,4397.22,2,63.5304,53.508
5.130000,99.6937,79.8857,4401.16,2,63.6006,53.508
5.140000,99.6937,79.8857,4405.07,2,63.6708,53.508
5.150000,99.6937,79.8857,4408.91,2,63.7409,53.508
5.160000,99.6937,79.8857,4412.72,2,63.811,53.508
5.170000,99.6937,79.8857,4416.5,2,63.881,53.508
5.180000,99.6937,79.8857,4420.26,2,63.9509,53.508
5.190000,99.6937,79.8857,4424,2,64.0207,53.508
5.200000,99.6937,79.8857,4427.74,2,64.0904,53.508
5.210000,99.6937,79.8857,4431.47,2,64.1601,53.508
5.220000,99.6937,79.8857,4435.19,2,64.2297,53.508
5.230000,99.6937,79.8857,4438.91,2,64.2992,53.508
5.240000,99.6937,79.8857,4442.62,2,64.3686,53.508
5.250000,99.6937,79.8857,4446.32,2,64.4379,53.508
5.260000,99.6937,79.8857,4450.01,2,64.5072,53.508
5.270000,99.6937,79.8857,4453.7,2,64.5764,53.508
5.280000,99.6937,79.8857,4457.38,2,64.6455,53.508
5.290000,99.6937,79.8857,4461.05,2,64.7145,53.508
5.300000,99.6937,79.8857,4464.72,2,64.7834,53.508
5.310000,99.6937,79.8857,4468.38,2,64.8522,53.508
5.320000,99.6937,79.8857,4472.03,2,64.921,53.508
5.330000,99.6937,79.8857,4475.68,2,64.9897,53.508
5.340000,99.6937,79.8857,4479.32,2,65.0583,53.508
5.350000,99.6937,79.8857,4482.95,2,65.1268,53.508
5.360000,99.6937,79.8857,4486.58,2,65.1952,53.508
5.370000,99.6937,79.8857,4490.2,2,65.2636,53.508
5.380000,99.6937,79.8857,4493.81,2,65.3319,53.508
5.390000,99.6937,79.8857,4497.42,2,65.4001,53.508
5.400000,99.6937,79.8857,4501.02,2,65.4682,53.508
5.410000,99.6937,79.8857,4504.62,2,65.5362,53.508
5.420000,99.6937,79.8857,4508.21,2,65.6042,53.508
5.430000,99.6937,79.8857,4511.79,2,65.6721,53.508
5.440000,99.6937,79.8857,4515.37,2,65.7398,53.508
5.450000,99.6937,79.8857,4518.94,2,65.8076,53.508
5.460000,99.6937,79.8857,4522.5,2,65.8752,53.508
5.470000,99.6937,79.8857,4526.06,2,65.9428,53.508
5.480000,99.6937,79.8857,4529.61,2,66.0102,53.508
5.490000,99.6937,79.8857,4533.15,2,66.0776,53.508
5.500000,99.6937,79.8857,4536.69,2,66.1449,53.508
5.510000,99.6937,79.8857,4540.22,2,66.2122,53.508
5.520000,99.6937,79.8857,4543.74,2,66.2794,53.508
5.530000,99.6937,79.8857,4547.26,2,66.3464,53.508
5.540000,99.6937,79.8857,4550.78,2,66.4134,53.508
5.550000,99.6937,79.8857,4554.28,2,66.4804,53.508
5.560000,99.6937,79.8857,4557.78,2,66.5472,53.508
5.570000,99.6937,79.8857,4561.28,2,66.614,53.508
5.580000,99.6937,79.8857,4564.76,2,66.6807,53.508
5.590000,99.6937,79.8857,4568.25,2,66.7473,53.508
5.600000,99.6937,79.8857,4571.72,2,66.8138,53.508
5.610000,99.6937,79.8857,4575.19,2,66.8803,53.508
5.620000,99.6937,79.8857,4578.65,2,66.9466,53.508
5.630000,99.6937,79.8857,4582.11,2,67.0129,53.508
5.640000,99.6937,79.8857,4585.56,2,67.0792,53.508
5.650000,99.6937,79.8857,4589.01,2,67.1453,53.508
5.660000,99.6937,79.8857,4592.44,2,67.2114,53.508
5.670000,99.6937,79.8857,4595.88,2,67.2774,53.508
5.680000,99.6937,79.8857,4599.3,2,67.3433,53.508
5.690000,99.6937,79.8857,4602.72,2,67.4091,53.508
5.700000,99.6937,79.8857,4606.14,2,67.4749,53.508
5.710000,99.6937,79.8857,4609.55,2,67.5406,53.508
5.720000,99.6937,79.8857,4612.95,2,67.6062,53.508
5.730000,99.6937,79.8857,4616.35,2,67.6717,53.508
5.740000,99.6937,79.8857,4619.74,2,67.7372,53.508
5.750000,99.6937,79.8857,4623.12,2,67.8025,53.508
5.760000,99.6937,79.8857,4626.5,2,67.8679,53.508
5.770000,99.6937,79.8857,4629.87,2,67.9331,53.508
5.780000,99.6937,79.8857,4633.24,2,67.9982,53.508
5.790000,99.6937,79.8857,4636.6,2,68.0633,53.508
5.800000,99.6937,79.8857,4639.95,2,68.1283,53.508
5.810000,99.6937,79.8857,4643.3,2,68.1932,53.508
5.820000,99.6937,79.8857,4646.64,2,68.2581,53.508
5.830000,99.6937,79.8857,4649.98,2,68.3229,53.508
5.840000,99.6937,79.8857,4653.31,2,68.3875,53.508
5.850000,99.6937,79.8857,4656.64,2,68.4522,53.508
5.860000,99.6937,79.8857,4659.96,2,68.5167,53.508
5.870000,99.6937,79.8857,4663.27,2,68.5812,53.508
5.880000,99.6937,79.8857,4666.58,2,68.6456,53.508
5.890000,99.6937,79.8857,4669.88,2,68.7099,53.508
5.900000,99.6937,79.8857,4673.18,2,68.7742,53.508
5.910000,99.6937,79.8857,4676.47,2,68.8383,53.508
5.920000,99.6937,79.8857,4679.75,2,68.9024,53.508
5.930000,99.6937,79.8857,4683.03,2,68.9665,53.508
5.940000,99.6937,79.8857,4686.31,2,69.0304,53.508
5.950000,99.6937,79.8857,4689.57,2,69.0943,53.508
5.960000,99.6937,79.8857,4692.84,2,69.1581,53.508
5.970000,99.6937,79.8857,4696.09,2,69.2218,53.508
5.980000,99.6937,79.8857,4699.34,2,69.2855,53.508
5.990000,99.6937,79.8857,4702.59,2,69.3491,53.508
6.000000,99.6937,79.8857,4705.83,2,69.4126,53.508
6.010000,99.6937,79.8857,4709.06,2,69.476,53.508
6.020000,99.6937,79.8857,4712.29,2,69.5394,53.508
6.030000,99.6937,79.8857,4715.51,2,69.6027,53.508
6.040000,99.6937,79.8857,4718.73,2,69.6659,53.508
6.050000,99.6937,79.8857,4721.94,2,69.7291,53.508
6.060000,99.6937,79.8857,4725.14,2,69.7921,53.508
6.070000,99.6937,79.8857,4728.34,2,69.8551,53.508
6.080000,99.6937,79.8857,4731.54,2,69.9181,53.508
6.090000,99.6937,79.8857,4734.73,2,69.9809,53.508
6.100000,99.6937,79.8857,4737.91,2,70.0437,52.089
6.110000,99.6937,79.8857,4741.09,2,70.1064,48.9112
6.120000,99.6937,79.8857,4744.26,2,70.169,45.7388
6.130000,99.6937,79.8857,4747.43,2,70.2316,42.572
6.140000,99.6937,79.8857,4750.59,2,70.2941,39.4106
6.150000,99.6937,79.8857,4753.75,2,70.3565,36.2547
6.160000,99.6937,79.8857,4756.9,2,70.4189,33.1043
6.170000,99.6937,79.8857,4760.04,2,70.4812,29.9593
6.180000,99.6937,79.8857,4763.18,2,70.5434,26.8198
6.190000,99.6937,79.8857,4766.31,2,70.6055,23.6856
6.200000,99.6937,79.8857,4769.44,2,70.6676,20.5569
6.210000,99.6937,79.8857,4772.57,2,70.7296,17.4336
6.220000,99.6937,79.8857,4775.68,2,70.7915,14.3157
6.230000,99.6937,79.8857,4778.8,2,70.8534,11.2032
6.240000,99.6937,79.8857,4781.9,2,70.9151,8.09604
6.250000,99.6937,79.8857,4785.01,2,70.9768,4.99423
6.260000,99.6937,79.8857,4788.1,2,71.0385,1.89777
6.270000,99.6937,79.8857,4791.19,2,71.1001,-1.19336
6.280000,99.6937,79.8857,4794.28,2,71.1616,-4.27916
6.290000,99.6937,79.8857,4797.36,2,71.223,-7.35966
6.300000,99.6937,79.8857,4800.43,2,71.2844,-10.4349
6.310000,99.6937,79.8857,4803.5,2,71.3456,-13.5048
6.320000,99.6937,79.8857,4806.57,3,71.4069,-16.5694
6.330000,99.6937,79.8857,4469,3,71.6453,-16.5694
6.340000,99.6937,79.8857,4229.22,3,71.8235,-16.5694
6.350000,99.6937,79.8857,4051.87,3,71.9635,-16.5694
6.360000,99.6937,79.8857,3916.48,3,72.0781,-16.5694
6.370000,99.6937,79.8857,3817.25,3,72.172,-16.5694
6.380000,99.6937,79.8857,3746.88,3,72.2509,-16.5694
6.390000,99.6937,79.8857,3700.25,3,72.32,-16.5694
6.400000,99.6937,79.8857,3670.77,3,72.382,-16.5694
6.410000,99.6937,79.8857,3654.21,3,72.4387,-16.5694
6.420000,99.6937,79.8857,3645.67,3,72.4922,-16.5694
6.430000,99.6937,79.8857,3641.47,3,72.5439,-16.5694
6.440000,99.6937,79.8857,3639.98,3,72.5946,-16.5694
6.450000,99.6937,79.8857,3640.02,3,72.6446,-16.5694
6.460000,99.6937,79.8857,3640.9,3,72.6942,-16.5694
6.470000,99.6937,79.8857,3642.23,3,72.7436,-16.5694
6.480000,99.6937,79.8857,3643.81,3,72.793,-16.5694
6.490000,99.6937,79.8857,3645.54,3,72.8422,-16.5694
6.500000,99.6937,79.8857,3647.34,3,72.8914,-16.5694
6.510000,99.6937,79.8857,3649.19,3,72.9405,-16.5694
6.520000,99.6937,79.8857,3651.05,3,72.9897,-16.5694
6.530000,99.6937,79.8857,3652.93,3,73.0388,-16.5694
6.540000,99.6937,79.8857,3654.82,3,73.0878,-16.5694
6.550000,99.6937,79.8857,3656.71,3,73.1369,-16.5694
6.560000,99.6937,79.8857,3658.6,3,73.1859,-16.5694
6.570000,99.6937,79.8857,3660.49,3,73.2349,-16.5694
6.580000,99.6937,79.8857,3662.38,3,73.2839,-16.5694
6.590000,99.6937,79.8857,3664.27,3,73.3328,-16.5694
6.600000,99.6937,79.8857,3666.15,3,73.3818,-16.5694
6.610000,99.6937,79.8857,3668.04,3,73.4307,-16.5694
6.620000,99.6937,79.8857,3669.93,3,73.4796,-16.5694
6.630000,99.6937,79.8857,3671.81,3,73.5285,-16.5694
6.640000,99.6937,79.8857,3673.69,3,73.5773,-16.5694
6.650000,99.6937,79.8857,3675.57,3,73.6262,-16.5694
6.660000,99.6937,79.8857,3677.45,3,73.675,-16.5694
6.670000,99.6937,79.8857,3679.33,3,73.7238,-16.5694
6.680000,99.6937,79.8857,3681.21,3,73.7726,-16.5694
6.690000,99.6937,79.8857,3683.09,3,73.8213,-16.5694
6.700000,99.6937,79.8857,3684.96,3,73.8701,-16.5694
6.710000,99.6937,79.8857,3686.83,3,73.9188,-16.5694
6.720000,99.6937,79.8857,3688.7,3,73.9675,-16.5694
6.730000,99.6937,79.8857,3690.58,3,74.0162,-16.5694
6.740000,99.6937,79.8857,3692.44,3,74.0648,-16.5694
6.750000,99.6937,79.8857,3694.31,3,74.1134,-16.5694
6.760000,99.6937,79.8857,3696.18,3,74.1621,-16.5694
6.770000,99.6937,79.8857,3698.04,3,74.2106,-16.5694
6.780000,99.6937,79.8857,3699.91,3,74.2592,-16.5694
6.790000,99.6937,79.8857,3701.77,3,74.3078,-16.5694
6.800000,99.6937,79.8857,3703.63,3,74.3563,-16.5694
6.810000,99.6937,79.8857,3705.49,3,74.4048,-16.5694
6.820000,99.6937,79.8857,3707.35,3,74.4533,-16.5694
6.830000,99.6937,79.8857,3709.21,3,74.5018,-16.5694
6.840000,99.6937,79.8857,3711.07,3,74.5502,-16.5694
6.850000,99.6937,79.8857,3712.92,3,74.5987,-16.5694
6.860000,99.6937,79.8857,3714.77,3,74.6471,-16.5694
6.870000,99.6937,79.8857,3716.63,3,74.6955,-16.5694
6.880000,99.6937,79.8857,3718.48,3,74.7438,-16.5694
6.890000,99.6937,79.8857,3720.33,3,74.7922,-16.5694
6.900000,99.6937,79.8857,3722.17,3,74.8405,-16.5694
6.910000,99.6937,79.8857,3724.02,3,74.8888,-16.5694
6.920000,99.6937,79.8857,3725.87,3,74.9371,-16.5694
6.930000,99.6937,79.8857,3727.71,3,74.9854,-16.5694
6.940000,99.6937,79.8857,3729.56,3,75.0336,-16.5694
6.950000,99.6937,79.8857,3731.4,3,75.0818,-16.5694
6.960000,99.6937,79.8857,3733.24,3,75.13,-16.5694
6.970000,99.6937,79.8857,3735.08,3,75.1782,-16.5694
6.980000,99.6937,79.8857,3736.91,3,75.2264,-16.5694
6.990000,99.6937,79.8857,3738.75,3,75.2745,-16.5694
7.000000,99.6937,79.8857,3740.59,3,75.3227,-16.5694
7.010000,99.6937,79.8857,3742.42,3,75.3708,-16.5694
7.020000,99.6937,79.8857,3744.25,3,75.4188,-16.5694
7.030000,99.6937,79.8857,3746.09,3,75.4669,-16.5694
7.040000,99.6937,79.8857,3747.92,3,75.5149,-16.5694
7.050000,99.6937,79.8857,3749.74,3,75.563,-16.5694
7.060000,99.6937,79.8857,3751.57,3,75.611,-16.5694
7.070000,99.6937,79.8857,3753.4,3,75.659,-16.5694
7.080000,99.6937,79.8857,3755.22,3,75.7069,-16.5694
7.090000,99.6937,79.8857,3757.05,3,75.7549,-16.5694
7.100000,99.6937,79.8857,3758.87,3,75.8028,-16.5694
7.110000,99.6937,79.8857,3760.69,3,75.8507,-16.5694
7.120000,99.6937,79.8857,3762.51,3,75.8986,-16.5694
7.130000,99.6937,79.8857,3764.33,3,75.9464,-16.5694
7.140000,99.6937,79.8857,3766.15,3,75.9943,-16.5694
7.150000,99.6937,79.8857,3767.96,3,76.0421,-16.5694
7.160000,99.6937,79.8857,3769.78,3,76.0899,-16.5694
7.170000,99.6937,79.8857,3771.59,3,76.1377,-16.5694
7.180000,99.6937,79.8857,3773.41,3,76.1854,-16.5694
7.190000,99.6937,79.8857,3775.22,3,76.2332,-16.5694
7.200000,99.6937,79.8857,3777.03,3,76.2809,-16.5694
7.210000,99.6937,79.8857,3778.84,3,76.3286,-16.5694
7.220000,99.6937,79.8857,3780.64,3,76.3763,-16.5694
7.230000,99.6937,79.8857,3782.45,3,76.4239,-16.5694
7.240000,99.6937,79.8857,3784.25,3,76.4716,-16.5694
7.250000,99.6937,79.8857,3786.06,3,76.5192,-16.5694
7.260000,99.6937,79.8857,3787.86,3,76.5668,-16.5694
7.270000,99.6937,79.8857,3789.66,3,76.6144,-16.5694
7.280000,99.6937,79.8857,3791.46,3,76.6619,-16.5694
7.290000,99.6937,79.8857,3793.26,3,76.7094,-16.5694
7.300000,99.6937,79.8857,3795.06,3,76.757,-16.5694
7.310000,99.6937,79.8857,3796.85,3,76.8045,-16.5694
7.320000,99.6937,79.8857,3798.65,3,76.8519,-16.5694
7.330000,99.6937,79.8857,3800.44,3,76.8994,-16.5694
7.340000,99.6937,79.8857,3802.23,3,76.9468,-16.5694
7.350000,99.6937,79.8857,3804.02,3,76.9943,-16.5694
7.360000,99.6937,79.8857,3805.81,3,77.0416,-16.5694
7.370000,99.6937,79.8857,3807.6,3,77.089,-16.5694
7.380000,99.6937,79.8857,3809.39,3,77.1364,-16.5694
7.390000,99.6937,79.8857,3811.18,3,77.1837,-16.5694
7.400000,99.6937,79.8857,3812.96,3,77.231,-16.5694
7.410000,99.6937,79.8857,3814.74,3,77.2783,-16.5694
7.420000,99.6937,79.8857,3816.53,3,77.3256,-16.5694
7.430000,99.6937,79.8857,3818.31,3,77.3729,-16.5694
7.440000,99.6937,79.8857,3820.09,3,77.4201,-16.5694
7.450000,99.6937,79.8857,3821.87,3,77.4673,-16.5694
7.460000,99.6937,79.8857,3823.64,3,77.5145,-16.5694
7.470000,99.6937,79.8857,3825.42,3,77.5617,-16.5694
7.480000,99.6937,79.8857,3827.19,3,77.6088,-16.5694
7.490000,99.6937,79.8857,3828.97,3,77.656,-16.5694
7.500000,99.6937,79.8857,3830.74,3,77.7031,-16.5694
7.510000,88.456,319.852,3832.51,3,77.7502,-16.5694
7.520000,88.456,319.852,3830.26,3,77.7831,-16.5694
7.530000,88.456,319.852,3829.37,3,77.8155,-16.5694
7.540000,88.456,319.852,3829.29,3,77.8475,-16.5694
7.550000,88.456,319.852,3829.69,3,77.8793,-16.5694
7.560000,88.456,319.852,3830.4,3,77.911,-16.5694
7.570000,88.456,319.852,3831.39,3,77.9425,-16.5694
7.580000,88.456,319.852,3832.55,3,77.974,-16.5694
7.590000,88.456,319.852,3833.77,3,78.0054,-16.5694
7.600000,88.456,319.852,3835.03,3,78.0368,-16.5694
7.610000,88.456,319.852,3836.3,3,78.0682,-16.5694
7.620000,88.456,319.852,3837.58,3,78.0995,-16.5694
7.630000,88.456,319.852,3838.86,3,78.1309,-16.5694
7.640000,88.456,319.852,3840.14,3,78.1622,-16.5694
7.650000,88.456,319.852,3841.41,3,78.1935,-16.5694
7.660000,88.456,319.852,3842.69,3,78.2248,-16.5694
7.670000,88.456,319.852,3843.97,3,78.2561,-16.5694
7.680000,88.456,319.852,3845.25,3,78.2874,-16.5694
7.690000,88.456,319.852,3846.52,3,78.3186,-16.5694
7.700000,88.456,319.852,3847.8,3,78.3499,-16.5694
7.710000,88.456,319.852,3849.07,3,78.3811,-16.5694
7.720000,88.456,319.852,3850.34,3,78.4123,-16.5694
7.730000,88.456,319.852,3851.62,3,78.4435,-16.5694
7.740000,88.456,319.852,3852.89,3,78.4747,-16.5694
7.750000,88.456,319.852,3854.16,3,78.5058,-16.5694
7.760000,88.456,319.852,3855.43,3,78.537,-16.5694
7.770000,88.456,319.852,3856.7,3,78.5681,-16.5694
7.780000,88.456,319.852,3857.97,3,78.5992,-16.5694
7.790000,88.456,319.852,3859.23,3,78.6303,-16.5694
7.800000,88.456,319.852,3860.5,3,78.6614,-16.5694
7.810000,88.456,319.852,3861.77,3,78.6925,-16.5694
7.820000,88.456,319.852,3863.03,3,78.7235,-16.5694
7.830000,88.456,319.852,3864.3,3,78.7546,-16.5694
7.840000,88.456,319.852,3865.56,3,78.7856,-16.5694
7.850000,88.456,319.852,3866.83,3,78.8166,-16.5694
7.860000,88.456,319.852,3868.09,3,78.8476,-16.5694
7.870000,88.456,319.852,3869.35,3,78.8786,-16.5694
7.880000,88.456,319.852,3870.61,3,78.9096,-16.5694
7.890000,88.456,319.852,3871.87,3,78.9406,-16.5694
7.900000,88.456,319.852,3873.13,3,78.9715,-16.5694
7.910000,88.456,319.852,3874.39,3,79.0024,-16.5694
7.920000,88.456,319.852,3875.65,3,79.0333,-16.5694
7.930000,88.456,319.852,3876.9,3,79.0642,-16.5694
7.940000,88.456,319.852,3878.16,3,79.0951,-16.5694
7.950000,88.456,319.852,3879.42,3,79.126,-16.5694
7.960000,88.456,319.852,3880.67,3,79.1569,-16.5694
7.970000,88.456,319.852,3881.92,3,79.1877,-16.5694
7.980000,88.456,319.852,3883.18,3,79.2185,-16.5694
7.990000,88.456,319.852,3884.43,3,79.2493,-16.5694
8.000000,88.456,319.852,3885.68,3,79.2801,-16.5694
8.010000,88.456,319.852,3886.93,3,79.3109,-16.5694
8.020000,88.456,319.852,3888.18,3,79.3417,-16.5694
8.030000,88.456,319.852,3889.43,3,79.3724,-16.5694
8.040000,88.456,319.852,3890.68,3,79.4032,-16.5694
8.050000,88.456,319.852,3891.93,3,79.4339,-16.5694
8.060000,88.456,319.852,3893.18,3,79.4646,-16.5694
8.070000,88.456,319.852,3894.42,3,79.4953,-16.5694
8.080000,88.456,319.852,3895.67,3,79.526,-16.5694
8.090000,88.456,319.852,3896.91,3,79.5566,-16.5694
8.100000,88.456,319.852,3898.16,3,79.5873,-16.5694
8.110000,88.456,319.852,3899.4,3,79.6179,-16.5694
8.120000,88.456,319.852,3900.64,3,79.6486,-16.5694
8.130000,88.456,319.852,3901.89,3,79.6792,-16.5694
8.140000,88.456,319.852,3903.13,3,79.7098,-16.5694
8.150000,88.456,319.852,3904.37,3,79.7403,-16.5694
8.160000,88.456,319.852,3905.61,3,79.7709,-16.5694
8.170000,88.456,319.852,3906.84,3,79.8014,-16.5694
8.180000,88.456,319.852,3908.08,3,79.832,-16.5694
8.190000,88.456,319.852,3909.32,3,79.8625,-16.5694
8.200000,88.456,319.852,3910.56,3,79.893,-16.5694
8.210000,88.456,319.852,3911.79,3,79.9235,-16.5694
8.220000,88.456,319.852,3913.03,3,79.954,-16.5694
8.230000,88.456,319.852,3914.26,3,79.9844,-16.5694
8.240000,88.456,319.852,3915.49,3,80.0149,-16.5694
8.250000,88.456,319.852,3916.73,3,80.0453,-16.5694
8.260000,88.456,319.852,3917.96,3,80.0757,-16.5694
8.270000,88.456,319.852,3919.19,3,80.1061,-16.5694
8.280000,88.456,319.852,3920.42,3,80.1365,-16.5694
8.290000,88.456,319.852,3921.65,3,80.1669,-16.5694
8.300000,88.456,319.852,3922.88,3,80.1973,-16.5694
8.310000,88.456,319.852,3924.11,3,80.2276,-16.5694
8.320000,88.456,319.852,3925.34,3,80.258,-16.5694
8.330000,88.456,319.852,3926.56,3,80.2883,-16.5694
8.340000,88.456,319.852,3927.79,3,80.3186,-16.5694
8.350000,88.456,319.852,3929.01,3,80.3489,-16.5694
8.360000,88.456,319.852,3930.24,3,80.3791,-16.5694
8.370000,88.456,319.852,3931.46,3,80.4094,-16.5694
8.380000,88.456,319.852,3932.68,3,80.4397,-16.5694
8.390000,88.456,319.852,3933.91,3,80.4699,-16.5694
8.400000,88.456,319.852,3935.13,3,80.5001,-16.5694
8.410000,88.456,319.852,3936.35,3,80.5303,-16.5694
8.420000,88.456,319.852,3937.57,3,80.5605,-16.5694
8.430000,88.456,319.852,3938.79,3,80.5907,-16.5694
8.440000,88.456,319.852,3940.01,3,80.6208,-16.5694
8.450000,88.456,319.852,3941.22,3,80.651,-16.5694
8.460000,88.456,319.852,3942.44,3,80.6811,-16.5694
8.470000,88.456,319.852,3943.66,3,80.7112,-16.5694
8.480000,88.456,319.852,3944.87,3,80.7413,-16.5694
8.490000,88.456,319.852,3946.09,3,80.7714,-16.5694
8.500000,88.456,319.852,3947.3,3,80.8015,-16.5694
8.510000,88.456,319.852,3948.51,3,80.8315,-16.5694
8.520000,88.456,319.852,3949.73,3,80.8616,-16.5694
8.530000,88.456,319.852,3950.94,3,80.8916,-16.5694
8.540000,88.456,319.852,3952.15,3,80.9216,-16.5694
8.550000,88.456,319.852,3953.36,3,80.9516,-16.5694
8.560000,88.456,319.852,3954.57,3,80.9816,-16.5694
8.570000,88.456,319.852,3955.78,3,81.0116,-16.5694
8.580000,88.456,319.852,3956.99,3,81.0416,-16.5694
8.590000,88.456,319.852,3958.19,3,81.0715,-16.5694
8.600000,88.456,319.852,3959.4,3,81.1014,-16.5694
8.610000,88.456,319.852,3960.61,3,81.1314,-16.5694
8.620000,88.456,319.852,3961.81,3,81.1613,-16.5694
8.630000,88.456,319.852,3963.02,3,81.1912,-16.5694
8.640000,88.456,319.852,3964.22,3,81.221,-16.5694
8.650000,88.456,319.852,3965.42,3,81.2509,-16.5694
8.660000,88.456,319.852,3966.63,3,81.2807,-16.5694
8.670000,88.456,319.852,3967.83,3,81.3106,-16.5694
8.680000,88.456,319.852,3969.03,3,81.3404,-16.5694
8.690000,88.456,319.852,3970.23,3,81.3702,-16.5694
8.700000,88.456,319.852,3971.43,3,81.4,-16.5694
8.710000,88.456,319.852,3972.63,3,81.4298,-16.5694
8.720000,88.456,319.852,3973.82,3,81.4595,-16.5694
8.730000,88.456,319.852,3975.02,3,81.4893,-16.5694
8.740000,88.456,319.852,3976.22,3,81.519,-16.5694
8.750000,88.456,319.852,3977.41,3,81.5487,-16.5694
8.760000,88.456,319.852,3978.61,3,81.5784,-16.5694
8.770000,88.456,319.852,3979.8,3,81.6081,-16.5694
8.780000,88.456,319.852,3980.99,3,81.6378,-16.5694
8.790000,88.456,319.852,3982.19,3,81.6674,-16.5694
8.800000,88.456,319.852,3983.38,3,81.6971,-16.5694
8.810000,88.456,319.852,3984.57,3,81.7267,-16.5694
8.820000,88.456,319.852,3985.76,3,81.7563,-16.5694
8.830000,88.456,319.852,3986.95,3,81.786,-16.5694
8.840000,88.456,319.852,3988.14,3,81.8155,-16.5694
8.850000,88.456,319.852,3989.33,3,81.8451,-16.5694
8.860000,88.456,319.852,3990.52,3,81.8747,-16.5694
8.870000,88.456,319.852,3991.7,3,81.9042,-16.5694
8.880000,88.456,319.852,3992.89,3,81.9338,-16.5694
8.890000,88.456,319.852,3994.07,3,81.9633,-16.5694
8.900000,88.456,319.852,3995.26,3,81.9928,-16.5694
8.910000,88.456,319.852,3996.44,3,82.0223,-16.5694
8.920000,88.456,319.852,3997.63,3,82.0518,-16.5694
8.930000,88.456,319.852,3998.81,3,82.0812,-16.5694
8.940000,88.456,319.852,3999.99,3,82.1107,-16.5694
8.950000,88.456,319.852,4001.17,3,82.1401,-16.5694
8.960000,88.456,319.852,4002.35,3,82.1695,-16.5694
8.970000,88.456,319.852,4003.52,3,82.199,-16.5694
8.980000,88.456,319.852,4004.69,3,82.2283,-16.5694
8.990000,88.456,319.852,4005.86,3,82.2577,-16.5694
9.000000,88.456,319.852,4007.03,3,82.2871,-16.5694
9.010000,88.456,319.852,4008.2,3,82.3164,-16.5694
9.020000,88.456,319.852,4009.37,3,82.3458,-16.5694
9.030000,88.456,319.852,4010.53,3,82.3751,-16.5694
9.040000,88.456,319.852,4011.7,3,82.4044,-16.5694
9.050000,88.456,319.852,4012.86,3,82.4337,-16.5694
9.060000,88.456,319.852,4014.03,3,82.4629,-16.5694
9.070000,88.456,319.852,4015.19,3,82.4922,-16.5694
9.080000,88.456,319.852,4016.35,3,82.5214,-16.5694
9.090000,88.456,319.852,4017.52,3,82.5506,-16.5694
9.100000,88.456,319.852,4018.68,3,82.5798,-16.5694
9.110000,88.456,319.852,4019.84,3,82.609,-16.5694
9.120000,88.456,319.852,4021,3,82.6382,-16.5694
9.130000,88.456,319.852,4022.15,3,82.6674,-16.5694
9.140000,88.456,319.852,4023.31,3,82.6965,-16.5694
9.150000,88.456,319.852,4024.47,3,82.7256,-16.5694
9.160000,88.456,319.852,4025.62,3,82.7547,-16.5694
9.170000,88.456,319.852,4026.78,3,82.7838,-16.5694
9.180000,88.456,319.852,4027.93,3,82.8129,-16.5694
9.190000,88.456,319.852,4029.09,3,82.842,-16.5694
9.200000,88.456,319.852,4030.24,3,82.871,-16.5694
9.210000,88.456,319.852,4031.39,3,82.9001,-16.5694
9.220000,88.456,319.852,4032.55,3,82.9291,-16.5694
9.230000,88.456,319.852,4033.7,3,82.9581,-16.5694
9.240000,88.456,319.852,4034.85,3,82.9871,-16.5694
9.250000,88.456,319.852,4036,3,83.016,-16.5694
9.260000,88.456,319.852,4037.14,3,83.045,-16.5694
9.270000,88.456,319.852,4038.29,3,83.0739,-16.5694
9.280000,88.456,319.852,4039.44,3,83.1028,-16.5694
9.290000,88.456,319.852,4040.58,3,83.1318,-16.5694
9.300000,88.456,319.852,4041.73,3,83.1607,-16.5694
9.310000,88.456,319.852,4042.87,3,83.1895,-16.5694
9.320000,88.456,319.852,4044.02,3,83.2184,-16.5694
9.330000,88.456,319.852,4045.16,3,83.2472,-16.5694
9.340000,88.456,319.852,4046.3,3,83.2761,-16.5694
9.350000,88.456,319.852,4047.44,3,83.3049,-16.5694
9.360000,88.456,319.852,4048.58,3,83.3337,-16.5694
9.370000,88.456,319.852,4049.72,3,83.3625,-16.5694
9.380000,88.456,319.852,4050.86,3,83.3912,-16.5694
9.390000,88.456,319.852,4052,3,83.42,-16.5694
9.400000,88.456,319.852,4053.14,3,83.4487,-16.5694
9.410000,88.456,319.852,4054.28,3,83.4775,-16.5694
9.420000,88.456,319.852,4055.41,3,83.5062,-16.5694
9.430000,88.456,319.852,4056.55,3,83.5349,-16.5694
9.440000,88.456,319.852,4057.68,3,83.5635,-16.5694
9.450000,88.456,319.852,4058.82,3,83.5922,-16.5694
9.460000,88.456,319.852,4059.95,3,83.6208,-16.5694
9.470000,88.456,319.852,4061.08,3,83.6495,-16.5694
9.480000,88.456,319.852,4062.21,3,83.6781,-16.5694
9.490000,88.456,319.852,4063.34,3,83.7067,-16.5694
9.500000,88.456,319.852,4064.47,3,83.7353,-16.5694
9.510000,88.456,319.852,4065.6,3,83.7638,-16.5694
9.520000,88.456,319.852,4066.73,3,83.7924,-16.5694
9.530000,88.456,319.852,4067.86,3,83.8209,-16.5694
9.540000,88.456,319.852,4068.99,3,83.8495,-16.5694
9.550000,88.456,319.852,4070.11,3,83.878,-16.5694
9.560000,88.456,319.852,4071.24,3,83.9065,-16.5694
9.570000,88.456,319.852,4072.36,3,83.9349,-16.5694
9.580000,88.456,319.852,4073.49,3,83.9634,-16.5694
9.590000,88.456,319.852,4074.61,3,83.9919,-16.5694
9.600000,88.456,319.852,4075.73,3,84.0203,-16.5694
9.610000,88.456,319.852,4076.85,3,84.0487,-16.5694
9.620000,88.456,319.852,4077.97,3,84.0771,-16.5694
9.630000,88.456,319.852,4079.09,3,84.1055,-16.5694
9.640000,88.456,319.852,4080.21,3,84.1339,-16.5694
9.650000,88.456,319.852,4081.33,3,84.1622,-16.5694
9.660000,88.456,319.852,4082.45,3,84.1906,-16.5694
9.670000,88.456,319.852,4083.57,3,84.2189,-16.5694
9.680000,88.456,319.852,4084.68,3,84.2472,-16.5694
9.690000,88.456,319.852,4085.8,3,84.2755,-16.5694
9.700000,88.456,319.852,4086.91,3,84.3038,-16.5694
9.710000,88.456,319.852,4088.03,3,84.332,-16.5694
9.720000,88.456,319.852,4089.14,3,84.3603,-16.5694
9.730000,88.456,319.852,4090.25,3,84.3885,-16.5694
9.740000,88.456,319.852,4091.36,3,84.4167,-16.5694
9.750000,88.456,319.852,4092.47,3,84.4449,-16.5694
9.760000,88.456,319.852,4093.59,3,84.4731,-16.5694
9.770000,88.456,319.852,4094.69,3,84.5013,-16.5694
9.780000,88.456,319.852,4095.8,3,84.5295,-16.5694
9.790000,88.456,319.852,4096.91,3,84.5576,-16.5694
9.800000,88.456,319.852,4098.02,3,84.5857,-16.5694
9.810000,88.456,319.852,4099.13,3,84.6139,-16.5694
9.820000,88.456,319.852,4100.23,3,84.642,-16.5694
9.830000,88.456,319.852,4101.34,3,84.67,-16.5694
9.840000,88.456,319.852,4102.44,3,84.6981,-16.5694
9.850000,88.456,319.852,4103.54,3,84.7262,-16.5694
9.860000,88.456,319.852,4104.65,3,84.7542,-16.5694
9.870000,88.456,319.852,4105.75,3,84.7822,-16.5694
9.880000,88.456,319.852,4106.85,3,84.8102,-16.5694
9.890000,88.456,319.852,4107.95,3,84.8382,-16.5694
9.900000,88.456,319.852,4109.05,3,84.8662,-16.5694
9.910000,88.456,319.852,4110.15,3,84.8942,-16.5694
9.920000,88.456,319.852,4111.25,3,84.9221,-16.5694
9.930000,88.456,319.852,4112.35,3,84.95,-16.5694
9.940000,88.456,319.852,4113.44,3,84.978,-16.5694
9.950000,88.456,319.852,4114.54,3,85.0059,-16.5694
9.960000,88.456,319.852,4115.63,3,85.0338,-16.5694
9.970000,88.456,319.852,4116.73,3,85.0616,-16.5694
9.980000,88.456,319.852,4117.82,3,85.0895,-16.5694
9.990000,88.456,319.852,4118.92,3,85.1173,-16.5694
10.000000,88.456,319.852,4120.01,3,85.1452,-16.5694
10.010000,88.456,319.852,4121.1,3,85.173,-16.5694
