0.000000,52.8941,84.7014,1000,1,0,3790
0.010000,52.8941,84.7014,1000,1,0.0465364,3790
0.020000,52.8941,84.7014,1100.31,1,0.0928976,3689.69
0.030000,52.8941,84.7014,1197.51,1,0.150404,3592.49
0.040000,52.8941,84.7014,1291.24,1,0.219656,3498.76
0.050000,52.8941,84.7014,1379.7,1,0.30109,3410.3
0.060000,52.8941,84.7014,1462.76,1,0.394762,3327.24
0.070000,52.8941,84.7014,1540.4,1,0.500547,3249.6
0.080000,52.8941,84.7014,1612.66,1,0.618167,3177.34
0.090000,52.8941,84.7014,1679.55,1,0.747214,3110.45
0.100000,52.8941,84.7014,1740.81,1,0.887155,3049.19
0.110000,52.8941,84.7014,1796.72,1,1.03729,2993.28
0.120000,52.8941,84.7014,1847.58,1,1.19688,2942.42
0.130000,52.8941,84.7014,1893.71,1,1.36515,2896.29
0.140000,52.8941,84.7014,1935.42,1,1.54129,2854.58
0.150000,52.8941,84.7014,1973.05,1,1.72453,2816.95
0.160000,52.8941,84.7014,2006.92,1,1.91411,2783.08
0.170000,52.8941,84.7014,2037.22,1,2.10954,2752.78
0.180000,52.8941,84.7014,2063.96,1,2.31057,2726.04
0.190000,52.8941,84.7014,2087.49,1,2.5165,2702.51
0.200000,52.8941,84.7014,2108.13,1,2.72669,2681.87
0.210000,52.8941,84.7014,2126.19,1,2.94053,2663.81
0.220000,52.8941,84.7014,2141.93,1,3.1575,2648.07
0.230000,52.8941,84.7014,2155.62,1,3.37707,2634.38
0.240000,52.8941,84.7014,2167.46,1,3.59882,2622.54
0.250000,52.8941,84.7014,2177.68,1,3.82233,2612.32
0.260000,52.8941,84.7014,2186.44,1,4.04725,2603.56
0.270000,52.8941,84.7014,2193.93,1,4.27321,2596.07
0.280000,52.8941,84.7014,2200.47,1,4.49923,2589.53
0.290000,52.8941,84.7014,2206.17,1,4.7251,2583.83
0.300000,52.8941,84.7014,2211.13,1,4.95062,2578.87
0.310000,52.8941,84.7014,2215.44,1,5.17561,2574.56
0.320000,52.8941,84.7014,2219.18,1,5.39993,2570.82
0.330000,52.8941,84.7014,2222.42,1,5.62344,2567.58
0.340000,52.8941,84.7014,2225.22,1,5.84605,2564.78
0.350000,52.8941,84.7014,2227.64,1,6.06764,2562.36
0.360000,52.8941,84.7014,2229.71,1,6.28813,2560.29
0.370000,52.8941,84.7014,2231.69,1,6.50711,2558.31
0.380000,52.8941,84.7014,2233.78,1,6.72422,2556.22
0.390000,52.8941,84.7014,2235.96,1,6.93953,2554.04
0.400000,52.8941,84.7014,2238.22,1,7.15308,2551.78
0.410000,52.8941,84.7014,2240.54,1,7.36492,2549.46
0.420000,52.8941,84.7014,2242.9,1,7.57507,2547.1
0.430000,52.8941,84.7014,2245.31,1,7.78358,2544.69
0.440000,52.8941,84.7014,2247.74,1,7.99049,2542.26
0.450000,52.8941,84.7014,2250.2,1,8.19581,2539.8
0.460000,52.8941,84.7014,2252.68,1,8.39958,2537.32
0.470000,52.8941,84.7014,2255.23,1,8.60159,2534.77
0.480000,52.8941,84.7014,2257.92,1,8.80153,2532.08
0.490000,52.8941,84.7014,2260.73,1,8.99946,2529.27
0.500000,52.8941,84.7014,2263.64,1,9.19545,2526.36
0.510000,52.8941,84.7014,2266.63,1,9.38957,2523.37
0.520000,52.8941,84.7014,2269.68,1,9.58185,2520.32
0.530000,52.8941,84.7014,2272.78,1,9.77236,2517.22
0.540000,52.8941,84.7014,2275.91,1,9.96113,2514.09
0.550000,52.8941,84.7014,2279.07,1,10.1482,2510.93
0.560000,52.8941,84.7014,2282.25,1,10.3336,2507.75
0.570000,52.8941,84.7014,2285.44,1,10.5174,2504.56
0.580000,52.8941,84.7014,2288.63,1,10.6996,2501.37
0.590000,52.8941,84.7014,2292.04,1,10.8799,2497.96
0.600000,52.8941,84.7014,2295.7,1,11.0582,2494.3
0.610000,52.8941,84.7014,2299.55,1,11.2348,2490.45
0.620000,52.8941,84.7014,2303.56,1,11.4097,2486.44
0.630000,52.8941,84.7014,2307.7,1,11.5829,2482.3
0.640000,52.8941,84.7014,2311.94,1,11.7545,2478.06
0.650000,52.8941,84.7014,2316.25,1,11.9246,2473.75
0.660000,52.8941,84.7014,2320.63,1,12.0932,2469.37
0.670000,52.8941,84.7014,2325.05,1,12.2604,2464.95
0.680000,52.8941,84.7014,2329.49,1,12.4263,2460.51
0.690000,52.8941,84.7014,2333.96,1,12.5908,2456.04
0.700000,52.8941,84.7014,2338.43,1,12.754,2451.57
0.710000,52.8941,84.7014,2342.9,1,12.9158,2447.1
0.720000,52.8941,84.7014,2347.36,1,13.0765,2442.64
0.730000,52.8941,84.7014,2351.95,1,13.2357,2438.05
0.740000,52.8941,84.7014,2356.76,1,13.3934,2433.24
0.750000,52.8941,84.7014,2361.76,1,13.5496,2428.24
0.760000,52.8941,84.7014,2366.9,1,13.7044,2423.1
0.770000,52.8941,84.7014,2372.16,1,13.8579,2417.84
0.780000,52.8941,84.7014,2377.5,1,14.0102,2412.5
0.790000,52.8941,84.7014,2382.89,1,14.1613,2407.11
0.800000,52.8941,84.7014,2388.33,1,14.3112,2401.67
0.810000,52.8941,84.7014,2393.8,1,14.46,2396.2
0.820000,52.8941,84.7014,2399.28,1,14.6077,2390.72
0.830000,52.8941,84.7014,2404.75,1,14.7544,2385.25
0.840000,52.8941,84.7014,2410.19,1,14.9,2379.81
0.850000,52.8941,84.7014,2415.56,1,15.0447,2374.44
0.860000,52.8941,84.7014,2420.88,1,15.1883,2369.12
0.870000,52.8941,84.7014,2426.15,1,15.331,2363.85
0.880000,52.8941,84.7014,2431.37,1,15.4727,2358.63
0.890000,52.8941,84.7014,2436.53,1,15.6134,2353.47
0.900000,52.8941,84.7014,2441.63,1,15.7531,2348.37
0.910000,52.8941,84.7014,2446.69,1,15.892,2343.31
0.920000,52.8941,84.7014,2451.81,1,16.0297,2338.19
0.930000,52.8941,84.7014,2457.03,1,16.1663,2332.97
0.940000,52.8941,84.7014,2462.33,1,16.3018,2327.67
0.950000,52.8941,84.7014,2467.68,1,16.4363,2322.32
0.960000,52.8941,84.7014,2473.06,1,16.5698,2316.94
0.970000,52.8941,84.7014,2478.46,1,16.7024,2311.54
0.980000,52.8941,84.7014,2483.87,1,16.834,2306.13
0.990000,52.8941,84.7014,2489.27,1,16.9647,2300.73
1.000000,52.8941,84.7014,2494.65,1,17.0946,2295.35
1.010000,52.8941,84.7014,2500.01,1,17.2236,2289.99
1.020000,52.8941,84.7014,2505.35,1,17.3517,2284.65
1.030000,52.8941,84.7014,2510.66,1,17.479,2279.34
1.040000,52.8941,84.7014,2515.93,1,17.6055,2274.07
1.050000,52.8941,84.7014,2521.17,1,17.7312,2268.83
1.060000,52.8941,84.7014,2526.37,1,17.8561,2263.63
1.070000,52.8941,84.7014,2531.53,1,17.9802,2258.47
1.080000,52.8941,84.7014,2536.64,1,18.1036,2253.36
1.090000,52.8941,84.7014,2541.72,1,18.2261,2248.28
1.100000,52.8941,84.7014,2546.75,1,18.348,2243.25
1.110000,52.8941,84.7014,2551.74,1,18.4691,2238.26
1.120000,52.8941,84.7014,2556.69,1,18.5894,2233.31
1.130000,52.8941,84.7014,2561.59,1,18.709,2228.41
1.140000,52.8941,84.7014,2566.45,1,18.8279,2223.55
1.150000,52.8941,84.7014,2571.27,1,18.9461,2218.73
1.160000,52.8941,84.7014,2576.04,1,19.0636,2213.96
1.170000,52.8941,84.7014,2580.82,1,19.1803,2209.18
1.180000,52.8941,84.7014,2585.68,1,19.2962,2204.32
1.190000,52.8941,84.7014,2590.61,1,19.4113,2199.39
1.200000,52.8941,84.7014,2595.68,1,19.5255,2194.32
1.210000,52.8941,84.7014,2601.01,1,19.6386,2188.99
1.220000,52.8941,84.7014,2606.55,1,19.7506,2183.45
1.230000,52.8941,84.7014,2612.23,1,19.8618,2177.77
1.240000,52.8941,84.7014,2617.98,1,19.9722,2172.02
1.250000,52.8941,84.7014,2623.77,1,20.0818,2166.23
1.260000,52.8941,84.7014,2629.58,1,20.1907,2160.42
1.270000,52.8941,84.7014,2635.45,1,20.299,2154.55
1.280000,52.8941,84.7014,2641.41,1,20.4065,2148.59
1.290000,52.8941,84.7014,2647.43,1,20.5135,2142.57
1.300000,52.8941,84.7014,2653.49,1,20.6198,2136.51
1.310000,52.8941,84.7014,2659.66,1,20.7254,2130.34
1.320000,52.8941,84.7014,2666,1,20.8304,2124
1.330000,52.8941,84.7014,2672.45,1,20.9346,2117.55
1.340000,52.8941,84.7014,2678.97,1,21.0382,2111.03
1.350000,52.8941,84.7014,2685.54,1,21.1413,2104.46
1.360000,52.8941,84.7014,2692.11,1,21.244,2097.89
1.370000,52.8941,84.7014,2698.67,1,21.3463,2091.33
1.380000,52.8941,84.7014,2705.2,1,21.4483,2084.8
1.390000,52.8941,84.7014,2711.72,1,21.5499,2078.28
1.400000,52.8941,84.7014,2718.26,1,21.6511,2071.74
1.410000,52.8941,84.7014,2725.15,1,21.7519,2064.85
1.420000,52.8941,84.7014,2732.27,1,21.8522,2057.73
1.430000,52.8941,84.7014,2739.55,1,21.9522,2050.45
1.440000,52.8941,84.7014,2746.92,1,22.052,2043.08
1.450000,52.8941,84.7014,2754.36,1,22.1515,2035.64
1.460000,52.8941,84.7014,2761.82,1,22.2508,2028.18
1.470000,52.8941,84.7014,2769.27,1,22.3499,2020.73
1.480000,52.8941,84.7014,2776.69,1,22.4489,2013.31
1.490000,52.8941,84.7014,2784.09,1,22.5477,2005.91
1.500000,52.8941,84.7014,2791.46,1,22.6463,1998.54
1.510000,52.8941,84.7014,2798.81,1,22.7448,1991.19
1.520000,52.8941,84.7014,2806.13,1,22.8431,1983.87
1.530000,52.8941,84.7014,2813.78,1,22.9409,1976.22
1.540000,52.8941,84.7014,2821.71,1,23.0382,1968.29
1.550000,52.8941,84.7014,2829.81,1,23.1352,1960.19
1.560000,52.8941,84.7014,2838,1,23.2319,1952
1.570000,52.8941,84.7014,2846.25,1,23.3284,1943.75
1.580000,52.8941,84.7014,2854.52,1,23.4247,1935.48
1.590000,52.8941,84.7014,2862.8,1,23.5208,1927.2
1.600000,52.8941,84.7014,2871.07,1,23.6167,1918.93
1.610000,52.8941,84.7014,2879.41,1,23.7124,1910.59
1.620000,52.8941,84.7014,2887.87,1,23.8078,1902.13
1.630000,52.8941,84.7014,2896.39,1,23.903,1893.61
1.640000,52.8941,84.7014,2904.94,1,23.9981,1885.06
1.650000,52.8941,84.7014,2913.49,1,24.093,1876.51
1.660000,52.8941,84.7014,2922.05,1,24.1877,1867.95
1.670000,52.8941,84.7014,2930.58,1,24.2824,1859.42
1.680000,52.8941,84.7014,2939.1,1,24.3769,1850.9
1.690000,52.8941,84.7014,2947.6,1,24.4713,1842.4
1.700000,52.8941,84.7014,2956.08,1,24.5656,1833.92
1.710000,52.8941,84.7014,2964.54,1,24.6597,1825.46
1.720000,52.8941,84.7014,2973.03,1,24.7537,1816.97
1.730000,52.8941,84.7014,2981.59,1,24.8474,1808.41
1.740000,52.8941,84.7014,2990.18,1,24.941,1799.82
1.750000,52.8941,84.7014,2998.77,1,25.0345,1791.23
1.760000,52.8941,84.7014,3007.36,1,25.1278,1782.64
1.770000,52.8941,84.7014,3015.94,1,25.221,1774.06
1.780000,52.8941,84.7014,3024.49,1,25.314,1765.51
1.790000,52.8941,84.7014,3033.03,1,25.4069,1756.97
1.800000,52.8941,84.7014,3041.54,1,25.4997,1748.46
1.810000,52.8941,84.7014,3050.03,1,25.5924,1739.97
1.820000,52.8941,84.7014,3058.49,1,25.685,1731.51
1.830000,52.8941,84.7014,3066.94,1,25.7774,1723.06
1.840000,52.8941,84.7014,3075.36,1,25.8698,1714.64
1.850000,52.8941,84.7014,3083.75,1,25.962,1706.25
1.860000,52.8941,84.7014,3092.12,1,26.0541,1697.88
1.870000,52.8941,84.7014,3100.47,1,26.146,1689.53
1.880000,52.8941,84.7014,3108.79,2,26.2379,1681.21
1.890000,52.8941,84.7014,3001.69,2,26.4232,1681.21
1.900000,52.8941,84.7014,2914.21,2,26.5882,1681.21
1.910000,52.8941,84.7014,2842.17,2,26.7372,1681.21
1.920000,52.8941,84.7014,2783.55,2,26.8727,1681.21
1.930000,52.8941,84.7014,2735.73,2,26.9976,1681.21
1.940000,52.8941,84.7014,2696.72,2,27.1141,1681.21
1.950000,52.8941,84.7014,2664.78,2,27.2239,1681.21
1.960000,52.8941,84.7014,2638.58,2,27.3282,1681.21
1.970000,52.8941,84.7014,2617.05,2,27.4281,1681.21
1.980000,52.8941,84.7014,2599.36,2,27.5243,1681.21
1.990000,52.8941,84.7014,2584.83,2,27.6175,1681.21
2.000000,52.8941,84.7014,2572.95,2,27.7082,1681.21
2.010000,52.8941,84.7014,2563.47,2,27.7965,1681.21
2.020000,52.8941,84.7014,2555.96,2,27.8829,1681.21
2.030000,52.8941,84.7014,2550.06,2,27.9678,1681.21
2.040000,52.8941,84.7014,2545.48,2,28.0512,1681.21
2.050000,52.8941,84.7014,2542.01,2,28.1335,1681.21
2.060000,52.8941,84.7014,2539.44,2,28.2149,1681.21
2.070000,52.8941,84.7014,2537.61,2,28.2954,1681.21
2.080000,52.8941,84.7014,2536.41,2,28.3751,1681.21
2.090000,52.8941,84.7014,2535.73,2,28.4542,1681.21
2.100000,52.8941,84.7014,2535.47,2,28.5328,1681.21
2.110000,52.8941,84.7014,2535.57,2,28.6108,1681.21
2.120000,52.8941,84.7014,2535.96,2,28.6884,1681.21
2.130000,52.8941,84.7014,2536.59,2,28.7656,1681.21
2.140000,52.8941,84.7014,2537.43,2,28.8425,1681.21
2.150000,52.8941,84.7014,2538.43,2,28.919,1681.21
2.160000,52.8941,84.7014,2539.57,2,28.9952,1681.21
2.170000,52.8941,84.7014,2540.83,2,29.0711,1681.21
2.180000,52.8941,84.7014,2542.18,2,29.1467,1681.21
2.190000,52.8941,84.7014,2543.61,2,29.222,1681.21
2.200000,52.8941,84.7014,2545.1,2,29.2972,1681.21
2.210000,52.8941,84.7014,2546.64,2,29.3721,1681.21
2.220000,52.8941,84.7014,2548.23,2,29.4467,1681.21
2.230000,52.8941,84.7014,2549.85,2,29.5212,1681.21
2.240000,52.8941,84.7014,2551.5,2,29.5954,1681.21
2.250000,52.8941,84.7014,2553.17,2,29.6694,1681.21
2.260000,52.8941,84.7014,2554.86,2,29.7432,1681.21
2.270000,52.8941,84.7014,2556.56,2,29.8168,1681.21
2.280000,52.8941,84.7014,2558.28,2,29.8903,1681.21
2.290000,52.8941,84.7014,2560,2,29.9635,1681.21
2.300000,52.8941,84.7014,2561.72,2,30.0366,1681.21
2.310000,52.8941,84.7014,2563.45,2,30.1094,1681.21
2.320000,52.8941,84.7014,2565.18,2,30.1821,1681.21
2.330000,52.8941,84.7014,2566.91,2,30.2546,1681.21
2.340000,52.8941,84.7014,2568.64,2,30.3269,1681.21
2.350000,52.8941,84.7014,2570.37,2,30.399,1681.21
2.360000,52.8941,84.7014,2572.1,2,30.471,1681.21
2.370000,52.8941,84.7014,2573.82,2,30.5428,1681.21
2.380000,52.8941,84.7014,2575.54,2,30.6144,1681.21
2.390000,52.8941,84.7014,2577.26,2,30.6858,1681.21
2.400000,52.8941,84.7014,2578.97,2,30.757,1681.21
2.410000,52.8941,84.7014,2580.68,2,30.8281,1681.21
2.420000,52.8941,84.7014,2582.38,2,30.899,1681.21
2.430000,52.8941,84.7014,2584.08,2,30.9697,1681.21
2.440000,52.8941,84.7014,2585.77,2,31.0403,1681.21
2.450000,52.8941,84.7014,2587.46,2,31.1107,1681.21
2.460000,52.8941,84.7014,2589.14,2,31.1809,1681.21
2.470000,52.8941,84.7014,2590.81,2,31.251,1681.21
2.480000,52.8941,84.7014,2592.48,2,31.3209,1681.21
2.490000,52.8941,84.7014,2594.15,2,31.3906,1681.21
2.500000,52.8941,84.7014,2595.81,2,31.4601,1681.21
2.510000,83.8601,34.1172,2597.46,2,31.5295,1681.21
2.520000,83.8601,34.1172,2628.43,2,31.6017,1681.21
2.530000,83.8601,34.1172,2655.58,2,31.6774,1681.21
2.540000,83.8601,34.1172,2679.35,2,31.7562,1681.21
2.550000,83.8601,34.1172,2700.18,2,31.8376,1681.21
2.560000,83.8601,34.1172,2718.45,2,31.9213,1681.21
2.570000,83.8601,34.1172,2734.49,2,32.007,1681.21
2.580000,83.8601,34.1172,2748.6,2,32.0943,1681.21
2.590000,83.8601,34.1172,2761.06,2,32.1831,1681.21
2.600000,83.8601,34.1172,2772.09,2,32.2731,1681.21
2.610000,83.8601,34.1172,2781.9,2,32.3641,1681.21
2.620000,83.8601,34.1172,2790.67,2,32.4558,1681.21
2.630000,83.8601,34.1172,2798.54,2,32.5483,1681.21
2.640000,83.8601,34.1172,2805.65,2,32.6413,1681.21
2.650000,83.8601,34.1172,2812.08,2,32.7347,1681.21
2.660000,83.8601,34.1172,2817.91,2,32.8284,1681.21
2.670000,83.8601,34.1172,2823.26,2,32.9224,1681.21
2.680000,83.8601,34.1172,2828.18,2,33.0166,1681.21
2.690000,83.8601,34.1172,2832.74,2,33.1109,1681.21
2.700000,83.8601,34.1172,2837,2,33.2053,1681.21
2.710000,83.8601,34.1172,2841.01,2,33.2997,1681.21
2.720000,83.8601,34.1172,2844.8,2,33.394,1681.21
2.730000,83.8601,34.1172,2848.4,2,33.4883,1681.21
2.740000,83.8601,34.1172,2851.85,2,33.5826,1681.21
2.750000,83.8601,34.1172,2855.17,2,33.6767,1681.21
2.760000,83.8601,34.1172,2858.37,2,33.7708,1681.21
2.770000,83.8601,34.1172,2861.47,2,33.8647,1681.21
2.780000,83.8601,34.1172,2864.49,2,33.9585,1681.21
2.790000,83.8601,34.1172,2867.44,2,34.0521,1681.21
2.800000,83.8601,34.1172,2870.32,2,34.1456,1681.21
2.810000,83.8601,34.1172,2873.16,2,34.2389,1681.21
2.820000,83.8601,34.1172,2875.94,2,34.332,1681.21
2.830000,83.8601,34.1172,2878.69,2,34.425,1681.21
2.840000,83.8601,34.1172,2881.4,2,34.5178,1681.21
2.850000,83.8601,34.1172,2884.08,2,34.6104,1681.21
2.860000,83.8601,34.1172,2886.73,2,34.7028,1681.21
2.870000,83.8601,34.1172,2889.36,2,34.7951,1681.21
2.880000,83.8601,34.1172,2891.97,2,34.8871,1681.21
2.890000,83.8601,34.1172,2894.55,2,34.9789,1681.21
2.900000,83.8601,34.1172,2897.12,2,35.0706,1681.21
2.910000,83.8601,34.1172,2899.67,2,35.1621,1681.21
2.920000,83.8601,34.1172,2902.21,2,35.2534,1681.21
2.930000,83.8601,34.1172,2904.73,2,35.3444,1681.21
2.940000,83.8601,34.1172,2907.24,2,35.4353,1681.21
2.950000,83.8601,34.1172,2909.74,2,35.526,1681.21
2.960000,83.8601,34.1172,2912.27,2,35.6165,1681.21
2.970000,83.8601,34.1172,2914.85,2,35.7067,1681.21
2.980000,83.8601,34.1172,2917.47,2,35.7967,1681.21
2.990000,83.8601,34.1172,2920.12,2,35.8865,1681.21
3.000000,83.8601,34.1172,2922.8,2,35.9761,1681.21
3.010000,83.8601,34.1172,2925.5,2,36.0655,1681.21
3.020000,83.8601,34.1172,2928.21,2,36.1547,1681.21
3.030000,83.8601,34.1172,2930.94,2,36.2437,1681.21
3.040000,83.8601,34.1172,2933.79,2,36.3323,1681.21
3.050000,83.8601,34.1172,2936.75,2,36.4207,1681.21
3.060000,83.8601,34.1172,2939.79,2,36.5089,1681.21
3.070000,83.8601,34.1172,2942.9,2,36.5968,1681.21
3.080000,83.8601,34.1172,2946.07,2,36.6844,1681.21
3.090000,83.8601,34.1172,2949.27,2,36.7719,1681.21
3.100000,83.8601,34.1172,2952.49,2,36.8591,1681.21
3.110000,83.8601,34.1172,2955.74,2,36.9462,1681.21
3.120000,83.8601,34.1172,2959.01,2,37.033,1681.21
3.130000,83.8601,34.1172,2962.26,2,37.1197,1681.21
3.140000,83.8601,34.1172,2965.51,2,37.2062,1681.21
3.150000,83.8601,34.1172,2968.75,2,37.2926,1681.21
3.160000,83.8601,34.1172,2971.98,2,37.3787,1681.21
3.170000,83.8601,34.1172,2975.2,2,37.4648,1681.21
3.180000,83.8601,34.1172,2978.41,2,37.5506,1681.21
3.190000,83.8601,34.1172,2981.61,2,37.6363,1681.21
3.200000,83.8601,34.1172,2984.8,2,37.7218,1681.21
3.210000,83.8601,34.1172,2987.98,2,37.8071,1681.21
3.220000,83.8601,34.1172,2991.15,2,37.8923,1681.21
3.230000,83.8601,34.1172,2994.36,2,37.9774,1681.21
3.240000,83.8601,34.1172,2997.61,2,38.0622,1681.21
3.250000,83.8601,34.1172,3000.87,2,38.1469,1681.21
3.260000,83.8601,34.1172,3004.15,2,38.2315,1681.21
3.270000,83.8601,34.1172,3007.45,2,38.3159,1681.21
3.280000,83.8601,34.1172,3010.75,2,38.4002,1681.21
3.290000,83.8601,34.1172,3014.05,2,38.4843,1681.21
3.300000,83.8601,34.1172,3017.36,2,38.5683,1681.21
3.310000,83.8601,34.1172,3020.66,2,38.6522,1681.21
3.320000,83.8601,34.1172,3023.96,2,38.7359,1681.21
3.330000,83.8601,34.1172,3027.29,2,38.8195,1681.21
3.340000,83.8601,34.1172,3030.69,2,38.9029,1681.21
3.350000,83.8601,34.1172,3034.16,2,38.9862,1681.21
3.360000,83.8601,34.1172,3037.66,2,39.0693,1681.21
3.370000,83.8601,34.1172,3041.2,2,39.1522,1681.21
3.380000,83.8601,34.1172,3044.76,2,39.235,1681.21
3.390000,83.8601,34.1172,3048.33,2,39.3177,1681.21
3.400000,83.8601,34.1172,3051.92,2,39.4002,1681.21
3.410000,83.8601,34.1172,3055.51,2,39.4826,1681.21
3.420000,83.8601,34.1172,3059.1,2,39.5649,1681.21
3.430000,83.8601,34.1172,3062.68,2,39.647,1681.21
3.440000,83.8601,34.1172,3066.27,2,39.7291,1681.21
3.450000,83.8601,34.1172,3069.85,2,39.811,1681.21
3.460000,83.8601,34.1172,3073.42,2,39.8928,1681.21
3.470000,83.8601,34.1172,3076.97,2,39.9746,1681.21
3.480000,83.8601,34.1172,3080.51,2,40.0563,1681.21
3.490000,83.8601,34.1172,3084.04,2,40.138,1681.21
3.500000,83.8601,34.1172,3087.55,2,40.2195,1681.21
3.510000,83.8601,34.1172,3091.06,2,40.301,1681.21
3.520000,83.8601,34.1172,3094.55,2,40.3824,1681.21
3.530000,83.8601,34.1172,3098.04,2,40.4638,1681.21
3.540000,83.8601,34.1172,3101.52,2,40.545,1681.21
3.550000,83.8601,34.1172,3104.99,2,40.6262,1681.21
3.560000,83.8601,34.1172,3108.45,2,40.7073,1681.21
3.570000,83.8601,34.1172,3111.91,2,40.7884,1678.09
3.580000,83.8601,34.1172,3115.36,2,40.8693,1674.64
3.590000,83.8601,34.1172,3118.94,2,40.9502,1671.06
3.600000,83.8601,34.1172,3122.66,2,41.0309,1667.34
3.610000,83.8601,34.1172,3126.49,2,41.1116,1663.51
3.620000,83.8601,34.1172,3130.4,2,41.1922,1659.6
3.630000,83.8601,34.1172,3134.35,2,41.2728,1655.65
3.640000,83.8601,34.1172,3138.34,2,41.3533,1651.66
3.650000,83.8601,34.1172,3142.35,2,41.4338,1647.65
3.660000,83.8601,34.1172,3146.37,2,41.5143,1643.63
3.670000,83.8601,34.1172,3150.41,2,41.5947,1639.59
3.680000,83.8601,34.1172,3154.45,2,41.6752,1635.55
3.690000,83.8601,34.1172,3158.49,2,41.7556,1631.51
3.700000,83.8601,34.1172,3162.53,2,41.836,1627.47
3.710000,83.8601,34.1172,3166.58,2,41.9164,1623.42
3.720000,83.8601,34.1172,3170.62,2,41.9968,1619.38
3.730000,83.8601,34.1172,3174.65,2,42.0772,1615.35
3.740000,83.8601,34.1172,3178.69,2,42.1575,1611.31
3.750000,83.8601,34.1172,3182.72,2,42.2378,1607.28
3.760000,83.8601,34.1172,3186.73,2,42.3182,1603.27
3.770000,83.8601,34.1172,3190.73,2,42.3985,1599.27
3.780000,83.8601,34.1172,3194.71,2,42.4788,1595.29
3.790000,83.8601,34.1172,3198.68,2,42.5591,1591.32
3.800000,83.8601,34.1172,3202.64,2,42.6394,1587.36
3.810000,83.8601,34.1172,3206.6,2,42.7197,1583.4
3.820000,83.8601,34.1172,3210.55,2,42.7999,1579.45
3.830000,83.8601,34.1172,3214.5,2,42.8802,1575.5
3.840000,83.8601,34.1172,3218.44,2,42.9604,1571.56
3.850000,83.8601,34.1172,3222.38,2,43.0406,1567.62
3.860000,83.8601,34.1172,3226.32,2,43.1208,1563.68
3.870000,83.8601,34.1172,3230.25,2,43.201,1559.75
3.880000,83.8601,34.1172,3234.17,2,43.2811,1555.83
3.890000,83.8601,34.1172,3238.1,2,43.3613,1551.9
3.900000,83.8601,34.1172,3242.01,2,43.4414,1547.99
3.910000,83.8601,34.1172,3245.93,2,43.5215,1544.07
3.920000,83.8601,34.1172,3249.84,2,43.6016,1540.16
3.930000,83.8601,34.1172,3253.77,2,43.6817,1536.23
3.940000,83.8601,34.1172,3257.88,2,43.7616,1532.12
3.950000,83.8601,34.1172,3262.11,2,43.8414,1527.89
3.960000,83.8601,34.1172,3266.41,2,43.9212,1523.59
3.970000,83.8601,34.1172,3270.76,2,44.0009,1519.24
3.980000,83.8601,34.1172,3275.13,2,44.0806,1514.87
3.990000,83.8601,34.1172,3279.52,2,44.1602,1510.48
4.000000,83.8601,34.1172,3283.91,2,44.2398,1506.09
4.010000,83.8601,34.1172,3288.31,2,44.3194,1501.69
4.020000,83.8601,34.1172,3292.71,2,44.399,1497.29
4.030000,83.8601,34.1172,3297.11,2,44.4785,1492.89
4.040000,83.8601,34.1172,3301.51,2,44.558,1488.49
4.050000,83.8601,34.1172,3305.9,2,44.6375,1484.1
4.060000,83.8601,34.1172,3310.29,2,44.717,1479.71
4.070000,83.8601,34.1172,3314.68,2,44.7964,1475.32
4.080000,83.8601,34.1172,3319.06,2,44.8758,1470.94
4.090000,83.8601,34.1172,3323.44,2,44.9552,1466.56
4.100000,83.8601,34.1172,3327.81,2,45.0346,1462.19
4.110000,83.8601,34.1172,3332.18,2,45.1139,1457.82
4.120000,83.8601,34.1172,3336.55,2,45.1933,1453.45
4.130000,83.8601,34.1172,3340.91,2,45.2726,1449.09
4.140000,83.8601,34.1172,3345.27,2,45.3519,1444.73
4.150000,83.8601,34.1172,3349.62,2,45.4311,1440.38
4.160000,83.8601,34.1172,3353.97,2,45.5104,1436.03
4.170000,83.8601,34.1172,3358.33,2,45.5896,1431.67
4.180000,83.8601,34.1172,3362.77,2,45.6688,1427.23
4.190000,83.8601,34.1172,3367.25,2,45.7479,1422.75
4.200000,83.8601,34.1172,3371.76,2,45.827,1418.24
4.210000,83.8601,34.1172,3376.28,2,45.906,1413.72
4.220000,83.8601,34.1172,3380.81,2,45.9851,1409.19
4.230000,83.8601,34.1172,3385.34,2,46.0642,1404.66
4.240000,83.8601,34.1172,3389.87,2,46.1432,1400.13
4.250000,83.8601,34.1172,3394.4,2,46.2222,1395.6
4.260000,83.8601,34.1172,3398.93,2,46.3012,1391.07
4.270000,83.8601,34.1172,3403.46,2,46.3802,1386.54
4.280000,83.8601,34.1172,3407.98,2,46.4592,1382.02
4.290000,83.8601,34.1172,3412.5,2,46.5382,1377.5
4.300000,83.8601,34.1172,3417.02,2,46.6172,1372.98
4.310000,83.8601,34.1172,3421.53,2,46.6961,1368.47
4.320000,83.8601,34.1172,3426.04,2,46.7751,1363.96
4.330000,83.8601,34.1172,3430.55,2,46.854,1359.45
4.340000,83.8601,34.1172,3435.05,2,46.933,1354.95
4.350000,83.8601,34.1172,3439.55,2,47.0119,1350.45
4.360000,83.8601,34.1172,3444.05,2,47.0908,1345.95
4.370000,83.8601,34.1172,3448.54,2,47.1697,1341.46
4.380000,83.8601,34.1172,3453.03,2,47.2486,1336.97
4.390000,83.8601,34.1172,3457.52,2,47.3275,1332.48
4.400000,83.8601,34.1172,3462.01,2,47.4064,1327.99
4.410000,83.8601,34.1172,3466.49,2,47.4853,1323.51
4.420000,83.8601,34.1172,3470.97,2,47.5641,1319.03
4.430000,83.8601,34.1172,3475.44,2,47.643,1314.56
4.440000,83.8601,34.1172,3479.91,2,47.7218,1310.09
4.450000,83.8601,34.1172,3484.38,2,47.8006,1305.62
4.460000,83.8601,34.1172,3488.85,2,47.8794,1301.15
4.470000,83.8601,34.1172,3493.35,2,47.9582,1296.65
4.480000,83.8601,34.1172,3497.89,2,48.037,1292.11
4.490000,83.8601,34.1172,3502.45,2,48.1157,1287.55
4.500000,83.8601,34.1172,3507.03,2,48.1944,1282.97
4.510000,83.8601,34.1172,3511.61,2,48.2731,1278.39
4.520000,83.8601,34.1172,3516.19,2,48.3518,1273.81
4.530000,83.8601,34.1172,3520.77,2,48.4304,1269.23
4.540000,83.8601,34.1172,3525.35,2,48.5091,1264.65
4.550000,83.8601,34.1172,3529.93,2,48.5877,1260.07
4.560000,83.8601,34.1172,3534.51,2,48.6664,1255.49
4.570000,83.8601,34.1172,3539.08,2,48.745,1250.92
4.580000,83.8601,34.1172,3543.65,2,48.8236,1246.35
4.590000,83.8601,34.1172,3548.22,2,48.9022,1241.78
4.600000,83.8601,34.1172,3552.78,2,48.9808,1237.22
4.610000,83.8601,34.1172,3557.34,2,49.0594,1232.66
4.620000,83.8601,34.1172,3561.9,2,49.1379,1228.1
4.630000,83.8601,34.1172,3566.45,2,49.2165,1223.55
4.640000,83.8601,34.1172,3571,2,49.295,1219
4.650000,83.8601,34.1172,3575.55,2,49.3736,1214.45
4.660000,83.8601,34.1172,3580.1,2,49.4521,1209.9
4.670000,83.8601,34.1172,3584.64,2,49.5306,1205.36
4.680000,83.8601,34.1172,3589.18,2,49.6091,1200.82
4.690000,83.8601,34.1172,3593.72,2,49.6876,1196.28
4.700000,83.8601,34.1172,3598.25,2,49.7661,1191.75
4.710000,83.8601,34.1172,3602.78,2,49.8445,1187.22
4.720000,83.8601,34.1172,3607.26,2,49.923,1182.74
4.730000,83.8601,34.1172,3611.68,2,50.0014,1178.32
4.740000,83.8601,34.1172,3616.06,2,50.0798,1173.94
4.750000,83.8601,34.1172,3620.41,2,50.1582,1169.59
4.760000,83.8601,34.1172,3624.75,2,50.2365,1165.25
4.770000,83.8601,34.1172,3629.07,2,50.3148,1160.93
4.780000,83.8601,34.1172,3633.38,2,50.393,1156.62
4.790000,83.8601,34.1172,3637.69,2,50.4711,1152.31
4.800000,83.8601,34.1172,3641.99,2,50.5492,1148.01
4.810000,83.8601,34.1172,3646.28,2,50.6273,1143.72
4.820000,83.8601,34.1172,3650.57,2,50.7052,1139.43
4.830000,83.8601,34.1172,3654.85,2,50.7832,1135.15
4.840000,83.8601,34.1172,3659.12,2,50.8611,1130.88
4.850000,83.8601,34.1172,3663.39,2,50.9389,1126.61
4.860000,83.8601,34.1172,3667.65,2,51.0167,1122.35
4.870000,83.8601,34.1172,3671.91,2,51.0944,1118.09
4.880000,83.8601,34.1172,3676.16,2,51.172,1113.84
4.890000,83.8601,34.1172,3680.4,2,51.2496,1109.6
4.900000,83.8601,34.1172,3684.64,2,51.3272,1105.36
4.910000,83.8601,34.1172,3688.87,2,51.4047,1101.13
4.920000,83.8601,34.1172,3693.1,2,51.4821,1096.9
4.930000,83.8601,34.1172,3697.32,2,51.5595,1092.68
4.940000,83.8601,34.1172,3701.53,2,51.6369,1088.47
4.950000,83.8601,34.1172,3705.74,2,51.7141,1084.26
4.960000,83.8601,34.1172,3709.94,2,51.7914,1080.06
4.970000,83.8601,34.1172,3714.14,2,51.8685,1075.86
4.980000,83.8601,34.1172,3718.33,2,51.9457,1071.67
4.990000,83.8601,34.1172,3722.51,2,52.0227,1067.49
5.000000,83.8601,34.1172,3726.69,2,52.0997,1063.31
5.010000,97.1726,72.0117,3730.87,2,52.1767,1059.13
5.020000,97.1726,72.0117,3740.75,2,52.2514,1049.25
5.030000,97.1726,72.0117,3748.4,2,52.3273,1041.6
5.040000,97.1726,72.0117,3754.68,2,52.4039,1035.32
5.050000,97.1726,72.0117,3760.14,2,52.481,1029.86
5.060000,97.1726,72.0117,3765.11,2,52.5583,1024.89
5.070000,97.1726,72.0117,3769.79,2,52.6357,1020.21
5.080000,97.1726,72.0117,3774.29,2,52.7132,1015.71
5.090000,97.1726,72.0117,3778.68,2,52.7907,1011.32
5.100000,97.1726,72.0117,3783.01,2,52.8682,1006.99
5.110000,97.1726,72.0117,3787.3,2,52.9456,1002.7
5.120000,97.1726,72.0117,3791.56,2,53.023,998.438
5.130000,97.1726,72.0117,3795.81,2,53.1004,994.194
5.140000,97.1726,72.0117,3800.04,2,53.1777,989.962
5.150000,97.1726,72.0117,3804.26,2,53.255,985.74
5.160000,97.1726,72.0117,3808.47,2,53.3322,981.526
5.170000,97.1726,72.0117,3812.68,2,53.4094,977.319
5.180000,97.1726,72.0117,3816.88,2,53.4865,973.118
5.190000,97.1726,72.0117,3821.08,2,53.5636,968.923
5.200000,97.1726,72.0117,3825.27,2,53.6407,964.733
5.210000,97.1726,72.0117,3829.45,2,53.7177,960.549
5.220000,97.1726,72.0117,3833.73,2,53.7946,956.274
5.230000,97.1726,72.0117,3838.16,2,53.8713,951.844
5.240000,97.1726,72.0117,3842.65,2,53.948,947.35
5.250000,97.1726,72.0117,3847.17,2,54.0245,942.83
5.260000,97.1726,72.0117,3851.7,2,54.1011,938.303
5.270000,97.1726,72.0117,3856.22,2,54.1775,933.775
5.280000,97.1726,72.0117,3860.75,2,54.2539,929.251
5.290000,97.1726,72.0117,3865.27,2,54.3303,924.73
5.300000,97.1726,72.0117,3869.79,2,54.4066,920.214
5.310000,97.1726,72.0117,3874.3,2,54.4829,915.703
5.320000,97.1726,72.0117,3878.8,2,54.5591,911.198
5.330000,97.1726,72.0117,3883.3,2,54.6352,906.698
5.340000,97.1726,72.0117,3887.8,2,54.7113,902.202
5.350000,97.1726,72.0117,3892.29,2,54.7873,897.713
5.360000,97.1726,72.0117,3896.77,2,54.8633,893.228
5.370000,97.1726,72.0117,3901.25,2,54.9393,888.749
5.380000,97.1726,72.0117,3905.73,2,55.0151,884.275
5.390000,97.1726,72.0117,3910.19,2,55.091,879.806
5.400000,97.1726,72.0117,3914.66,2,55.1668,875.342
5.410000,97.1726,72.0117,3919.12,2,55.2425,870.884
5.420000,97.1726,72.0117,3923.57,2,55.3182,866.431
5.430000,97.1726,72.0117,3928.02,2,55.3938,861.983
5.440000,97.1726,72.0117,3932.46,2,55.4694,857.54
5.450000,97.1726,72.0117,3936.9,2,55.5449,853.102
5.460000,97.1726,72.0117,3941.33,2,55.6203,848.67
5.470000,97.1726,72.0117,3945.76,2,55.6958,844.243
5.480000,97.1726,72.0117,3950.18,2,55.7711,839.821
5.490000,97.1726,72.0117,3954.6,2,55.8464,835.404
5.500000,97.1726,72.0117,3959.01,2,55.9217,830.992
5.510000,97.1726,72.0117,3963.41,2,55.9969,826.585
5.520000,97.1726,72.0117,3967.82,2,56.0721,822.184
5.530000,97.1726,72.0117,3972.21,2,56.1472,817.787
5.540000,97.1726,72.0117,3976.6,2,56.2222,813.396
5.550000,97.1726,72.0117,3980.99,2,56.2972,809.01
5.560000,97.1726,72.0117,3985.37,2,56.3722,804.629
5.570000,97.1726,72.0117,3989.75,2,56.4471,800.253
5.580000,97.1726,72.0117,3994.12,2,56.5219,795.882
5.590000,97.1726,72.0117,3998.48,2,56.5967,791.516
5.600000,97.1726,72.0117,4002.85,2,56.6715,787.155
5.610000,97.1726,72.0117,4007.2,2,56.7462,782.801
5.620000,97.1726,72.0117,4011.55,2,56.8208,778.453
5.630000,97.1726,72.0117,4015.89,2,56.8954,774.11
5.640000,97.1726,72.0117,4020.23,2,56.9699,769.774
5.650000,97.1726,72.0117,4024.56,2,57.0444,765.442
5.660000,97.1726,72.0117,4028.88,2,57.1189,761.116
5.670000,97.1726,72.0117,4033.21,2,57.1932,756.795
5.680000,97.1726,72.0117,4037.52,2,57.2676,752.479
5.690000,97.1726,72.0117,4041.83,2,57.3419,748.168
5.700000,97.1726,72.0117,4046.14,2,57.4161,743.862
5.710000,97.1726,72.0117,4050.44,2,57.4903,739.561
5.720000,97.1726,72.0117,4054.73,2,57.5644,735.265
5.730000,97.1726,72.0117,4059.03,2,57.6384,730.974
5.740000,97.1726,72.0117,4063.31,2,57.7125,726.689
5.750000,97.1726,72.0117,4067.59,2,57.7864,722.408
5.760000,97.1726,72.0117,4071.87,2,57.8603,718.132
5.770000,97.1726,72.0117,4076.14,2,57.9342,713.862
5.780000,97.1726,72.0117,4080.4,2,58.008,709.596
5.790000,97.1726,72.0117,4084.66,2,58.0818,705.336
5.800000,97.1726,72.0117,4088.92,2,58.1555,701.08
5.810000,97.1726,72.0117,4093.17,2,58.2291,696.829
5.820000,97.1726,72.0117,4097.42,2,58.3027,692.584
5.830000,97.1726,72.0117,4101.66,2,58.3763,688.343
5.840000,97.1726,72.0117,4105.89,2,58.4498,684.107
5.850000,97.1726,72.0117,4110.12,2,58.5233,679.877
5.860000,97.1726,72.0117,4114.35,2,58.5966,675.651
5.870000,97.1726,72.0117,4118.57,2,58.67,671.43
5.880000,97.1726,72.0117,4122.79,2,58.7433,667.214
5.890000,97.1726,72.0117,4127,2,58.8165,663.003
5.900000,97.1726,72.0117,4131.2,2,58.8897,658.797
5.910000,97.1726,72.0117,4135.4,2,58.9629,654.596
5.920000,97.1726,72.0117,4139.6,2,59.036,650.399
5.930000,97.1726,72.0117,4143.79,2,59.109,646.208
5.940000,97.1726,72.0117,4147.98,2,59.182,642.022
5.950000,97.1726,72.0117,4152.16,2,59.2549,637.84
5.960000,97.1726,72.0117,4156.34,2,59.3278,633.663
5.970000,97.1726,72.0117,4160.51,2,59.4007,629.491
5.980000,97.1726,72.0117,4164.68,2,59.4734,625.324
5.990000,97.1726,72.0117,4168.84,2,59.5462,621.162
6.000000,97.1726,72.0117,4173,2,59.6189,617.005
6.010000,97.1726,72.0117,4177.15,2,59.6915,612.852
6.020000,97.1726,72.0117,4181.3,2,59.7641,608.705
6.030000,97.1726,72.0117,4185.44,2,59.8366,604.562
6.040000,97.1726,72.0117,4189.58,2,59.9091,600.424
6.050000,97.1726,72.0117,4193.71,2,59.9815,596.291
6.060000,97.1726,72.0117,4197.84,2,60.0539,592.162
6.070000,97.1726,72.0117,4201.96,2,60.1262,588.039
6.080000,97.1726,72.0117,4206.08,2,60.1985,583.92
6.090000,97.1726,72.0117,4210.19,2,60.2707,579.806
6.100000,97.1726,72.0117,4214.3,2,60.3429,575.697
6.110000,97.1726,72.0117,4218.41,2,60.415,571.592
6.120000,97.1726,72.0117,4222.51,2,60.4871,567.492
6.130000,97.1726,72.0117,4226.6,2,60.5591,563.397
6.140000,97.1726,72.0117,4230.69,2,60.6311,559.307
6.150000,97.1726,72.0117,4234.78,2,60.703,555.222
6.160000,97.1726,72.0117,4238.86,2,60.7749,551.141
6.170000,97.1726,72.0117,4242.94,2,60.8467,547.065
6.180000,97.1726,72.0117,4247.01,2,60.9185,542.993
6.190000,97.1726,72.0117,4251.07,2,60.9902,538.927
6.200000,97.1726,72.0117,4255.14,2,61.0619,534.865
6.210000,97.1726,72.0117,4259.19,2,61.1335,530.807
6.220000,97.1726,72.0117,4263.25,2,61.2051,526.755
6.230000,97.1726,72.0117,4267.29,2,61.2766,522.707
6.240000,97.1726,72.0117,4271.34,2,61.3481,518.664
6.250000,97.1726,72.0117,4275.37,2,61.4195,514.625
6.260000,97.1726,72.0117,4279.41,2,61.4909,510.591
6.270000,97.1726,72.0117,4283.44,2,61.5622,506.562
6.280000,97.1726,72.0117,4287.46,2,61.6335,502.538
6.290000,97.1726,72.0117,4291.48,2,61.7047,498.518
6.300000,97.1726,72.0117,4295.5,2,61.7759,494.502
6.310000,97.1726,72.0117,4299.51,2,61.8471,490.492
6.320000,97.1726,72.0117,4303.51,2,61.9181,486.485
6.330000,97.1726,72.0117,4307.52,2,61.9892,482.484
6.340000,97.1726,72.0117,4311.51,2,62.0601,478.487
6.350000,97.1726,72.0117,4315.51,2,62.1311,474.495
6.360000,97.1726,72.0117,4319.49,2,62.2019,470.507
6.370000,97.1726,72.0117,4323.48,2,62.2728,466.524
6.380000,97.1726,72.0117,4327.45,2,62.3436,462.546
6.390000,97.1726,72.0117,4331.43,2,62.4143,458.572
6.400000,97.1726,72.0117,4335.4,2,62.485,454.602
6.410000,97.1726,72.0117,4339.36,2,62.5556,450.637
6.420000,97.1726,72.0117,4343.32,2,62.6262,446.677
6.430000,97.1726,72.0117,4347.28,2,62.6967,442.721
6.440000,97.1726,72.0117,4351.23,2,62.7672,438.77
6.450000,97.1726,72.0117,4355.18,2,62.8377,434.823
6.460000,97.1726,72.0117,4359.12,2,62.908,430.881
6.470000,97.1726,72.0117,4363.06,2,62.9784,426.944
6.480000,97.1726,72.0117,4366.99,2,63.0487,423.011
6.490000,97.1726,72.0117,4370.92,2,63.1189,419.082
6.500000,97.1726,72.0117,4374.84,2,63.1891,415.158
6.510000,97.1726,72.0117,4378.76,2,63.2593,411.238
6.520000,97.1726,72.0117,4382.68,2,63.3293,407.323
6.530000,97.1726,72.0117,4386.59,2,63.3994,403.412
6.540000,97.1726,72.0117,4390.49,2,63.4694,399.506
6.550000,97.1726,72.0117,4394.4,2,63.5393,395.604
6.560000,97.1726,72.0117,4398.29,2,63.6092,391.707
6.570000,97.1726,72.0117,4402.19,2,63.6791,387.814
6.580000,97.1726,72.0117,4406.04,2,63.7489,383.959
6.590000,97.1726,72.0117,4409.85,2,63.8186,380.154
6.600000,97.1726,72.0117,4413.62,2,63.8883,376.381
6.610000,97.1726,72.0117,4417.37,2,63.9579,372.629
6.620000,97.1726,72.0117,4421.11,2,64.0275,368.891
6.630000,97.1726,72.0117,4424.84,2,64.0969,365.164
6.640000,97.1726,72.0117,4428.55,2,64.1663,361.447
6.650000,97.1726,72.0117,4432.26,2,64.2356,357.738
6.660000,97.1726,72.0117,4435.96,2,64.3048,354.036
6.670000,97.1726,72.0117,4439.66,2,64.374,350.342
6.680000,97.1726,72.0117,4443.35,2,64.443,346.654
6.690000,97.1726,72.0117,4447.03,2,64.512,342.973
6.700000,97.1726,72.0117,4450.7,2,64.5809,339.298
6.710000,97.1726,72.0117,4454.37,2,64.6497,335.63
6.720000,97.1726,72.0117,4458.03,2,64.7185,331.968
6.730000,97.1726,72.0117,4461.69,2,64.7871,328.313
6.740000,97.1726,72.0117,4465.34,2,64.8557,324.664
6.750000,97.1726,72.0117,4468.98,2,64.9242,321.021
6.760000,97.1726,72.0117,4472.61,2,64.9926,317.385
6.770000,97.1726,72.0117,4476.24,2,65.061,313.756
6.780000,97.1726,72.0117,4479.87,2,65.1293,310.132
6.790000,97.1726,72.0117,4483.48,2,65.1975,306.515
6.800000,97.1726,72.0117,4487.1,2,65.2656,302.904
6.810000,97.1726,72.0117,4490.7,2,65.3336,299.3
6.820000,97.1726,72.0117,4494.3,2,65.4016,295.702
6.830000,97.1726,72.0117,4497.89,2,65.4694,292.11
6.840000,97.1726,72.0117,4501.48,2,65.5373,288.524
6.850000,97.1726,72.0117,4505.06,2,65.605,284.945
6.860000,97.1726,72.0117,4508.63,2,65.6726,281.372
6.870000,97.1726,72.0117,4512.2,2,65.7402,277.805
6.880000,97.1726,72.0117,4515.76,2,65.8077,274.244
6.890000,97.1726,72.0117,4519.31,2,65.8751,270.69
6.900000,97.1726,72.0117,4522.86,2,65.9424,267.141
6.910000,97.1726,72.0117,4526.4,2,66.0097,263.599
6.920000,97.1726,72.0117,4529.94,2,66.0769,260.063
6.930000,97.1726,72.0117,4533.47,2,66.144,256.533
6.940000,97.1726,72.0117,4536.99,2,66.211,253.009
6.950000,97.1726,72.0117,4540.51,2,66.278,249.492
6.960000,97.1726,72.0117,4544.02,2,66.3449,245.98
6.970000,97.1726,72.0117,4547.53,2,66.4117,242.475
6.980000,97.1726,72.0117,4551.02,2,66.4784,238.975
6.990000,97.1726,72.0117,4554.52,2,66.5451,235.482
7.000000,97.1726,72.0117,4558.01,2,66.6116,231.995
7.010000,97.1726,72.0117,4561.49,2,66.6781,228.514
7.020000,97.1726,72.0117,4564.96,2,66.7446,225.038
7.030000,97.1726,72.0117,4568.43,2,66.8109,221.569
7.040000,97.1726,72.0117,4571.89,2,66.8772,218.106
7.050000,97.1726,72.0117,4575.35,2,66.9434,214.649
7.060000,97.1726,72.0117,4578.8,2,67.0095,211.197
7.070000,97.1726,72.0117,4582.25,2,67.0756,207.752
7.080000,97.1726,72.0117,4585.69,2,67.1415,204.313
7.090000,97.1726,72.0117,4589.12,2,67.2074,200.879
7.100000,97.1726,72.0117,4592.55,2,67.2733,197.452
7.110000,97.1726,72.0117,4595.97,2,67.339,194.03
7.120000,97.1726,72.0117,4599.39,2,67.4047,190.614
7.130000,97.1726,72.0117,4602.8,2,67.4703,187.205
7.140000,97.1726,72.0117,4606.2,2,67.5358,183.801
7.150000,97.1726,72.0117,4609.6,2,67.6013,180.402
7.160000,97.1726,72.0117,4612.99,2,67.6667,177.01
7.170000,97.1726,72.0117,4616.38,2,67.732,173.624
7.180000,97.1726,72.0117,4619.76,2,67.7972,170.243
7.190000,97.1726,72.0117,4623.13,2,67.8623,166.868
7.200000,97.1726,72.0117,4626.5,2,67.9274,163.499
7.210000,97.1726,72.0117,4629.86,2,67.9924,160.136
7.220000,97.1726,72.0117,4633.22,2,68.0574,156.778
7.230000,97.1726,72.0117,4636.57,2,68.1222,153.427
7.240000,97.1726,72.0117,4639.92,2,68.187,150.081
7.250000,97.1726,72.0117,4643.26,2,68.2517,146.74
7.260000,97.1726,72.0117,4646.59,2,68.3164,143.406
7.270000,97.1726,72.0117,4649.92,2,68.381,140.077
7.280000,97.1726,72.0117,4653.25,2,68.4455,136.754
7.290000,97.1726,72.0117,4656.56,2,68.5099,133.436
7.300000,97.1726,72.0117,4659.88,2,68.5742,130.125
7.310000,97.1726,72.0117,4663.18,2,68.6385,126.818
7.320000,97.1726,72.0117,4666.48,2,68.7027,123.518
7.330000,97.1726,72.0117,4669.78,2,68.7669,120.223
7.340000,97.1726,72.0117,4673.07,2,68.8309,116.934
7.350000,97.1726,72.0117,4676.35,2,68.8949,113.65
7.360000,97.1726,72.0117,4679.63,2,68.9588,110.372
7.370000,97.1726,72.0117,4682.9,2,69.0227,107.1
7.380000,97.1726,72.0117,4686.17,2,69.0865,103.833
7.390000,97.1726,72.0117,4689.43,2,69.1502,100.571
7.400000,97.1726,72.0117,4692.68,2,69.2138,97.3156
7.410000,97.1726,72.0117,4695.93,2,69.2774,94.0653
7.420000,97.1726,72.0117,4699.18,2,69.3409,90.8206
7.430000,97.1726,72.0117,4702.42,2,69.4043,87.5814
7.440000,97.1726,72.0117,4705.65,2,69.4676,84.3477
7.450000,97.1726,72.0117,4708.88,2,69.5309,81.1195
7.460000,97.1726,72.0117,4712.1,2,69.5941,77.8967
7.470000,97.1726,72.0117,4715.32,2,69.6573,74.6794
7.480000,97.1726,72.0117,4718.53,2,69.7203,71.4676
7.490000,97.1726,72.0117,4721.74,2,69.7833,68.2612
7.500000,97.1726,72.0117,4724.94,2,69.8462,65.0603
7.510000,99.4312,108.17,4728.14,2,69.9091,61.8648
7.520000,99.4312,108.17,4732.22,2,69.9697,57.7792
7.530000,99.4312,108.17,4735.96,2,70.0305,54.0408
7.540000,99.4312,108.17,4739.47,2,70.0913,50.5304
7.550000,99.4312,108.17,4742.83,2,70.1522,47.1702
7.560000,99.4312,108.17,4746.09,2,70.213,43.9095
7.570000,99.4312,108.17,4749.28,2,70.2737,40.7156
7.580000,99.4312,108.17,4752.43,2,70.3345,37.5669
7.590000,99.4312,108.17,4755.55,2,70.3951,34.4495
7.600000,99.4312,108.17,4758.65,2,70.4558,31.3543
7.610000,99.4312,108.17,4761.72,2,70.5163,28.2754
7.620000,99.4312,108.17,4764.79,2,70.5768,25.209
7.630000,99.4312,108.17,4767.85,2,70.6372,22.1526
7.640000,99.4312,108.17,4770.9,2,70.6976,19.1044
7.650000,99.4312,108.17,4773.94,2,70.7578,16.0635
7.660000,99.4312,108.17,4776.97,2,70.818,13.0291
7.670000,99.4312,108.17,4780,2,70.8782,10.0007
7.680000,99.4312,108.17,4783.02,2,70.9383,6.97812
7.690000,99.4312,108.17,4786.04,2,70.9983,3.96102
7.700000,99.4312,108.17,4789.05,2,71.0582,0.949306
7.710000,99.4312,108.17,4792.06,2,71.1181,-2.05712
7.720000,99.4312,108.17,4795.06,2,71.1779,-5.05832
7.730000,99.4312,108.17,4798.05,2,71.2376,-8.05434
7.740000,99.4312,108.17,4801.05,2,71.2973,-11.0452
7.750000,99.4312,108.17,4804.03,3,71.3569,-14.031
7.760000,99.4312,108.17,4466.88,3,71.5934,-14.031
7.770000,99.4312,108.17,4227.31,3,71.77,-14.031
7.780000,99.4312,108.17,4050.07,3,71.9082,-14.031
7.790000,99.4312,108.17,3914.75,3,72.0212,-14.031
7.800000,99.4312,108.17,3815.5,3,72.1134,-14.031
7.810000,99.4312,108.17,3745.09,3,72.1907,-14.031
7.820000,99.4312,108.17,3698.32,3,72.2582,-14.031
7.830000,99.4312,108.17,3668.61,3,72.3186,-14.031
7.840000,99.4312,108.17,3651.86,3,72.3737,-14.031
7.850000,99.4312,108.17,3643.19,3,72.4256,-14.031
7.860000,99.4312,108.17,3638.89,3,72.4756,-14.031
7.870000,99.4312,108.17,3637.28,3,72.5247,-14.031
7.880000,99.4312,108.17,3637.23,3,72.573,-14.031
7.890000,99.4312,108.17,3638.03,3,72.621,-14.031
7.900000,99.4312,108.17,3639.3,3,72.6688,-14.031
7.910000,99.4312,108.17,3640.82,3,72.7165,-14.031
7.920000,99.4312,108.17,3642.48,3,72.7641,-14.031
7.930000,99.4312,108.17,3644.21,3,72.8116,-14.031
7.940000,99.4312,108.17,3646,3,72.8591,-14.031
7.950000,99.4312,108.17,3647.8,3,72.9066,-14.031
7.960000,99.4312,108.17,3649.62,3,72.954,-14.031
7.970000,99.4312,108.17,3651.44,3,73.0015,-14.031
7.980000,99.4312,108.17,3653.27,3,73.0489,-14.031
7.990000,99.4312,108.17,3655.09,3,73.0963,-14.031
8.000000,99.4312,108.17,3656.92,3,73.1436,-14.031
8.010000,99.4312,108.17,3658.75,3,73.191,-14.031
8.020000,99.4312,108.17,3660.58,3,73.2383,-14.031
8.030000,99.4312,108.17,3662.4,3,73.2856,-14.031
8.040000,99.4312,108.17,3664.22,3,73.3329,-14.031
8.050000,99.4312,108.17,3666.05,3,73.3801,-14.031
8.060000,99.4312,108.17,3667.87,3,73.4274,-14.031
8.070000,99.4312,108.17,3669.69,3,73.4746,-14.031
8.080000,99.4312,108.17,3671.51,3,73.5218,-14.031
8.090000,99.4312,108.17,3673.33,3,73.569,-14.031
8.100000,99.4312,108.17,3675.14,3,73.6162,-14.031
8.110000,99.4312,108.17,3676.96,3,73.6633,-14.031
8.120000,99.4312,108.17,3678.77,3,73.7104,-14.031
8.130000,99.4312,108.17,3680.59,3,73.7575,-14.031
8.140000,99.4312,108.17,3682.4,3,73.8046,-14.031
8.150000,99.4312,108.17,3684.21,3,73.8517,-14.031
8.160000,99.4312,108.17,3686.02,3,73.8987,-14.031
8.170000,99.4312,108.17,3687.83,3,73.9458,-14.031
8.180000,99.4312,108.17,3689.63,3,73.9928,-14.031
8.190000,99.4312,108.17,3691.44,3,74.0398,-14.031
8.200000,99.4312,108.17,3693.24,3,74.0867,-14.031
8.210000,99.4312,108.17,3695.04,3,74.1337,-14.031
8.220000,99.4312,108.17,3696.85,3,74.1806,-14.031
8.230000,99.4312,108.17,3698.65,3,74.2275,-14.031
8.240000,99.4312,108.17,3700.45,3,74.2744,-14.031
8.250000,99.4312,108.17,3702.24,3,74.3213,-14.031
8.260000,99.4312,108.17,3704.04,3,74.3681,-14.031
8.270000,99.4312,108.17,3705.84,3,74.4149,-14.031
8.280000,99.4312,108.17,3707.63,3,74.4618,-14.031
8.290000,99.4312,108.17,3709.42,3,74.5085,-14.031
8.300000,99.4312,108.17,3711.21,3,74.5553,-14.031
8.310000,99.4312,108.17,3713,3,74.6021,-14.031
8.320000,99.4312,108.17,3714.79,3,74.6488,-14.031
8.330000,99.4312,108.17,3716.58,3,74.6955,-14.031
8.340000,99.4312,108.17,3718.37,3,74.7422,-14.031
8.350000,99.4312,108.17,3720.15,3,74.7889,-14.031
8.360000,99.4312,108.17,3721.94,3,74.8355,-14.031
8.370000,99.4312,108.17,3723.72,3,74.8822,-14.031
8.380000,99.4312,108.17,3725.5,3,74.9288,-14.031
8.390000,99.4312,108.17,3727.28,3,74.9754,-14.031
8.400000,99.4312,108.17,3729.06,3,75.0219,-14.031
8.410000,99.4312,108.17,3730.84,3,75.0685,-14.031
8.420000,99.4312,108.17,3732.62,3,75.115,-14.031
8.430000,99.4312,108.17,3734.39,3,75.1615,-14.031
8.440000,99.4312,108.17,3736.17,3,75.208,-14.031
8.450000,99.4312,108.17,3737.94,3,75.2545,-14.031
8.460000,99.4312,108.17,3739.71,3,75.301,-14.031
8.470000,99.4312,108.17,3741.48,3,75.3474,-14.031
8.480000,99.4312,108.17,3743.25,3,75.3938,-14.031
8.490000,99.4312,108.17,3745.02,3,75.4402,-14.031
8.500000,99.4312,108.17,3746.79,3,75.4866,-14.031
8.510000,99.4312,108.17,3748.55,3,75.5329,-14.031
8.520000,99.4312,108.17,3750.32,3,75.5793,-14.031
8.530000,99.4312,108.17,3752.08,3,75.6256,-14.031
8.540000,99.4312,108.17,3753.84,3,75.6719,-14.031
8.550000,99.4312,108.17,3755.6,3,75.7182,-14.031
8.560000,99.4312,108.17,3757.36,3,75.7644,-14.031
8.570000,99.4312,108.17,3759.12,3,75.8107,-14.031
8.580000,99.4312,108.17,3760.88,3,75.8569,-14.031
8.590000,99.4312,108.17,3762.64,3,75.9031,-14.031
8.600000,99.4312,108.17,3764.39,3,75.9493,-14.031
8.610000,99.4312,108.17,3766.14,3,75.9954,-14.031
8.620000,99.4312,108.17,3767.9,3,76.0416,-14.031
8.630000,99.4312,108.17,3769.65,3,76.0877,-14.031
8.640000,99.4312,108.17,3771.4,3,76.1338,-14.031
8.650000,99.4312,108.17,3773.15,3,76.1799,-14.031
8.660000,99.4312,108.17,3774.89,3,76.2259,-14.031
8.670000,99.4312,108.17,3776.64,3,76.272,-14.031
8.680000,99.4312,108.17,3778.39,3,76.318,-14.031
8.690000,99.4312,108.17,3780.13,3,76.364,-14.031
8.700000,99.4312,108.17,3781.87,3,76.41,-14.031
8.710000,99.4312,108.17,3783.61,3,76.456,-14.031
8.720000,99.4312,108.17,3785.35,3,76.5019,-14.031
8.730000,99.4312,108.17,3787.09,3,76.5478,-14.031
8.740000,99.4312,108.17,3788.83,3,76.5938,-14.031
8.750000,99.4312,108.17,3790.57,3,76.6396,-14.031
8.760000,99.4312,108.17,3792.3,3,76.6855,-14.031
8.770000,99.4312,108.17,3794.04,3,76.7314,-14.031
8.780000,99.4312,108.17,3795.77,3,76.7772,-14.031
8.790000,99.4312,108.17,3797.5,3,76.823,-14.031
8.800000,99.4312,108.17,3799.23,3,76.8688,-14.031
8.810000,99.4312,108.17,3800.96,3,76.9146,-14.031
8.820000,99.4312,108.17,3802.69,3,76.9603,-14.031
8.830000,99.4312,108.17,3804.42,3,77.0061,-14.031
8.840000,99.4312,108.17,3806.14,3,77.0518,-14.031
8.850000,99.4312,108.17,3807.87,3,77.0975,-14.031
8.860000,99.4312,108.17,3809.59,3,77.1431,-14.031
8.870000,99.4312,108.17,3811.32,3,77.1888,-14.031
8.880000,99.4312,108.17,3813.04,3,77.2344,-14.031
8.890000,99.4312,108.17,3814.76,3,77.28,-14.031
8.900000,99.4312,108.17,3816.48,3,77.3256,-14.031
8.910000,99.4312,108.17,3818.19,3,77.3712,-14.031
8.920000,99.4312,108.17,3819.91,3,77.4168,-14.031
8.930000,99.4312,108.17,3821.63,3,77.4623,-14.031
8.940000,99.4312,108.17,3823.34,3,77.5078,-14.031
8.950000,99.4312,108.17,3825.05,3,77.5533,-14.031
8.960000,99.4312,108.17,3826.77,3,77.5988,-14.031
8.970000,99.4312,108.17,3828.48,3,77.6443,-14.031
8.980000,99.4312,108.17,3830.19,3,77.6897,-14.031
8.990000,99.4312,108.17,3831.89,3,77.7352,-14.031
9.000000,99.4312,108.17,3833.6,3,77.7806,-14.031
9.010000,99.4312,108.17,3835.31,3,77.8259,-14.031
9.020000,99.4312,108.17,3837.01,3,77.8713,-14.031
9.030000,99.4312,108.17,3838.72,3,77.9167,-14.031
9.040000,99.4312,108.17,3840.42,3,77.962,-14.031
9.050000,99.4312,108.17,3842.12,3,78.0073,-14.031
9.060000,99.4312,108.17,3843.82,3,78.0526,-14.031
9.070000,99.4312,108.17,3845.52,3,78.0979,-14.031
9.080000,99.4312,108.17,3847.22,3,78.1431,-14.031
9.090000,99.4312,108.17,3848.91,3,78.1883,-14.031
9.100000,99.4312,108.17,3850.61,3,78.2336,-14.031
9.110000,99.4312,108.17,3852.3,3,78.2787,-14.031
9.120000,99.4312,108.17,3854,3,78.3239,-14.031
9.130000,99.4312,108.17,3855.69,3,78.3691,-14.031
9.140000,99.4312,108.17,3857.38,3,78.4142,-14.031
9.150000,99.4312,108.17,3859.07,3,78.4593,-14.031
9.160000,99.4312,108.17,3860.76,3,78.5044,-14.031
9.170000,99.4312,108.17,3862.44,3,78.5495,-14.031
9.180000,99.4312,108.17,3864.13,3,78.5946,-14.031
9.190000,99.4312,108.17,3865.9,3,78.6396,-14.031
9.200000,99.4312,108.17,3867.71,3,78.6845,-14.031
9.210000,99.4312,108.17,3869.54,3,78.7295,-14.031
9.220000,99.4312,108.17,3871.37,3,78.7744,-14.031
9.230000,99.4312,108.17,3873.21,3,78.8193,-14.031
9.240000,99.4312,108.17,3875.04,3,78.8641,-14.031
9.250000,99.4312,108.17,3876.88,3,78.909,-14.031
9.260000,99.4312,108.17,3878.71,3,78.9538,-14.031
9.270000,99.4312,108.17,3880.54,3,78.9986,-14.031
9.280000,99.4312,108.17,3882.37,3,79.0434,-14.031
9.290000,99.4312,108.17,3884.2,3,79.0882,-14.031
9.300000,99.4312,108.17,3886.03,3,79.1329,-14.031
9.310000,99.4312,108.17,3887.86,3,79.1777,-14.031
9.320000,99.4312,108.17,3889.69,3,79.2224,-14.031
9.330000,99.4312,108.17,3891.51,3,79.267,-14.031
9.340000,99.4312,108.17,3893.34,3,79.3117,-14.031
9.350000,99.4312,108.17,3895.16,3,79.3563,-14.031
9.360000,99.4312,108.17,3896.98,3,79.401,-14.031
9.370000,99.4312,108.17,3898.8,3,79.4456,-14.031
9.380000,99.4312,108.17,3900.62,3,79.4902,-14.031
9.390000,99.4312,108.17,3902.44,3,79.5347,-14.031
9.400000,99.4312,108.17,3904.26,3,79.5793,-14.031
9.410000,99.4312,108.17,3906.08,3,79.6238,-14.031
9.420000,99.4312,108.17,3907.89,3,79.6683,-14.031
9.430000,99.4312,108.17,3909.7,3,79.7127,-14.031
9.440000,99.4312,108.17,3911.52,3,79.7572,-14.031
9.450000,99.4312,108.17,3913.33,3,79.8016,-14.031
9.460000,99.4312,108.17,3915.14,3,79.8461,-14.031
9.470000,99.4312,108.17,3916.95,3,79.8905,-14.031
9.480000,99.4312,108.17,3918.75,3,79.9348,-14.031
9.490000,99.4312,108.17,3920.56,3,79.9792,-14.031
9.500000,99.4312,108.17,3922.37,3,80.0235,-14.031
9.510000,99.4312,108.17,3924.17,3,80.0678,-14.031
9.520000,99.4312,108.17,3925.97,3,80.1121,-14.031
9.530000,99.4312,108.17,3927.77,3,80.1564,-14.031
9.540000,99.4312,108.17,3929.58,3,80.2006,-14.031
9.550000,99.4312,108.17,3931.37,3,80.2449,-14.031
9.560000,99.4312,108.17,3933.17,3,80.2891,-14.031
9.570000,99.4312,108.17,3934.97,3,80.3333,-14.031
9.580000,99.4312,108.17,3936.77,3,80.3774,-14.031
9.590000,99.4312,108.17,3938.56,3,80.4216,-14.031
9.600000,99.4312,108.17,3940.35,3,80.4657,-14.031
9.610000,99.4312,108.17,3942.15,3,80.5098,-14.031
9.620000,99.4312,108.17,3943.94,3,80.5539,-14.031
9.630000,99.4312,108.17,3945.73,3,80.598,-14.031
9.640000,99.4312,108.17,3947.52,3,80.642,-14.031
9.650000,99.4312,108.17,3949.3,3,80.6861,-14.031
9.660000,99.4312,108.17,3951.09,3,80.7301,-14.031
9.670000,99.4312,108.17,3952.88,3,80.774,-14.031
9.680000,99.4312,108.17,3954.66,3,80.818,-14.031
9.690000,99.4312,108.17,3956.44,3,80.862,-14.031
9.700000,99.4312,108.17,3958.22,3,80.9059,-14.031
9.710000,99.4312,108.17,3960,3,80.9498,-14.031
9.720000,99.4312,108.17,3961.78,3,80.9937,-14.031
9.730000,99.4312,108.17,3963.56,3,81.0375,-14.031
9.740000,99.4312,108.17,3965.34,3,81.0814,-14.031
9.750000,99.4312,108.17,3967.12,3,81.1252,-14.031
9.760000,99.4312,108.17,3968.89,3,81.169,-14.031
9.770000,99.4312,108.17,3970.66,3,81.2128,-14.031
9.780000,99.4312,108.17,3972.44,3,81.2565,-14.031
9.790000,99.4312,108.17,3974.21,3,81.3003,-14.031
9.800000,99.4312,108.17,3975.98,3,81.344,-14.031
9.810000,99.4312,108.17,3977.75,3,81.3877,-14.031
9.820000,99.4312,108.17,3979.51,3,81.4314,-14.031
9.830000,99.4312,108.17,3981.28,3,81.475,-14.031
9.840000,99.4312,108.17,3983.05,3,81.5187,-14.031
9.850000,99.4312,108.17,3984.81,3,81.5623,-14.031
9.860000,99.4312,108.17,3986.57,3,81.6059,-14.031
9.870000,99.4312,108.17,3988.34,3,81.6495,-14.031
9.880000,99.4312,108.17,3990.1,3,81.693,-14.031
9.890000,99.4312,108.17,3991.86,3,81.7366,-14.031
9.900000,99.4312,108.17,3993.61,3,81.7801,-14.031
9.910000,99.4312,108.17,3995.37,3,81.8236,-14.031
9.920000,99.4312,108.17,3997.13,3,81.8671,-14.031
9.930000,99.4312,108.17,3998.88,3,81.9105,-14.031
9.940000,99.4312,108.17,4000.64,3,81.954,-14.031
9.950000,99.4312,108.17,4002.39,3,81.9974,-14.031
9.960000,99.4312,108.17,4004.14,3,82.0408,-14.031
9.970000,99.4312,108.17,4005.9,3,82.0842,-14.031
9.980000,99.4312,108.17,4007.65,3,82.1275,-14.031
9.990000,99.4312,108.17,4009.4,3,82.1708,-14.031
10.000000,99.4312,108.17,4011.15,3,82.2142,-14.031
10.010000,99.4312,108.17,4012.9,3,82.2575,-14.031
