0.000000,56.7461,289.345,1000,1,0,3790
0.010000,56.7461,289.345,1000,1,0.034455,3790
0.020000,56.7461,289.345,1101.54,1,0.0687802,3688.46
0.030000,56.7461,289.345,1200.28,1,0.114451,3589.72
0.040000,56.7461,289.345,1295.84,1,0.17214,3494.16
0.050000,56.7461,289.345,1385.97,1,0.242362,3404.03
0.060000,56.7461,289.345,1470.57,1,0.325186,3319.43
0.070000,56.7461,289.345,1549.62,1,0.420499,3240.38
0.080000,56.7461,289.345,1623.17,1,0.528025,3166.83
0.090000,56.7461,289.345,1691.26,1,0.647353,3098.74
0.100000,56.7461,289.345,1753.91,1,0.777946,3036.09
0.110000,56.7461,289.345,1811.36,1,0.919153,2978.64
0.120000,56.7461,289.345,1863.86,1,1.07026,2926.14
0.130000,56.7461,289.345,1911.69,1,1.23052,2878.31
0.140000,56.7461,289.345,1955.15,1,1.39916,2834.85
0.150000,56.7461,289.345,1994.52,1,1.5754,2795.48
0.160000,56.7461,289.345,2030.11,1,1.75848,2759.89
0.170000,56.7461,289.345,2061.86,1,1.94765,2728.14
0.180000,56.7461,289.345,2090.04,1,2.14232,2699.96
0.190000,56.7461,289.345,2114.92,1,2.34229,2675.08
0.200000,56.7461,289.345,2136.82,1,2.54689,2653.18
0.210000,56.7461,289.345,2156.05,1,2.75551,2633.95
0.220000,56.7461,289.345,2172.86,1,2.96756,2617.14
0.230000,56.7461,289.345,2187.53,1,3.18254,2602.47
0.240000,56.7461,289.345,2200.28,1,3.39996,2589.72
0.250000,56.7461,289.345,2211.32,1,3.6194,2578.68
0.260000,56.7461,289.345,2220.84,1,3.84047,2569.16
0.270000,56.7461,289.345,2229,1,4.06282,2561
0.280000,56.7461,289.345,2235.96,1,4.28615,2554.04
0.290000,56.7461,289.345,2242,1,4.50963,2548
0.300000,56.7461,289.345,2247.27,1,4.73285,2542.73
0.310000,56.7461,289.345,2251.85,1,4.95564,2538.15
0.320000,56.7461,289.345,2255.85,1,5.17783,2534.15
0.330000,56.7461,289.345,2259.31,1,5.39928,2530.69
0.340000,56.7461,289.345,2262.32,1,5.61988,2527.68
0.350000,56.7461,289.345,2264.92,1,5.83952,2525.08
0.360000,56.7461,289.345,2267.16,1,6.0581,2522.84
0.370000,56.7461,289.345,2269.09,1,6.27555,2520.91
0.380000,56.7461,289.345,2270.74,1,6.49181,2519.26
0.390000,56.7461,289.345,2272.53,1,6.70616,2517.47
0.400000,56.7461,289.345,2274.45,1,6.91862,2515.55
0.410000,56.7461,289.345,2276.48,1,7.12926,2513.52
0.420000,56.7461,289.345,2278.61,1,7.33812,2511.39
0.430000,56.7461,289.345,2280.82,1,7.54526,2509.18
0.440000,56.7461,289.345,2283.09,1,7.75072,2506.91
0.450000,56.7461,289.345,2285.41,1,7.95454,2504.59
0.460000,56.7461,289.345,2287.78,1,8.15675,2502.22
0.470000,56.7461,289.345,2290.18,1,8.35738,2499.82
0.480000,56.7461,289.345,2292.61,1,8.55648,2497.39
0.490000,56.7461,289.345,2295.13,1,8.75379,2494.87
0.500000,56.7461,289.345,2297.79,1,8.94904,2492.21
0.510000,56.7461,289.345,2300.58,1,9.14231,2489.42
0.520000,56.7461,289.345,2303.47,1,9.33366,2486.53
0.530000,56.7461,289.345,2306.44,1,9.52316,2483.56
0.540000,56.7461,289.345,2309.48,1,9.71085,2480.52
0.550000,56.7461,289.345,2312.57,1,9.89679,2477.43
0.560000,56.7461,289.345,2315.7,1,10.081,2474.3
0.570000,56.7461,289.345,2318.86,1,10.2636,2471.14
0.580000,56.7461,289.345,2322.04,1,10.4445,2467.96
0.590000,56.7461,289.345,2325.23,1,10.6238,2464.77
0.600000,56.7461,289.345,2328.42,1,10.8016,2461.58
0.610000,56.7461,289.345,2331.7,1,10.9776,2458.3
0.620000,56.7461,289.345,2335.25,1,11.1518,2454.75
0.630000,56.7461,289.345,2339,1,11.3241,2451
0.640000,56.7461,289.345,2342.93,1,11.4947,2447.07
0.650000,56.7461,289.345,2347.01,1,11.6637,2442.99
0.660000,56.7461,289.345,2351.19,1,11.8311,2438.81
0.670000,56.7461,289.345,2355.47,1,11.9971,2434.53
0.680000,56.7461,289.345,2359.81,1,12.1615,2430.19
0.690000,56.7461,289.345,2364.2,1,12.3246,2425.8
0.700000,56.7461,289.345,2368.63,1,12.4863,2421.37
0.710000,56.7461,289.345,2373.09,1,12.6466,2416.91
0.720000,56.7461,289.345,2377.55,1,12.8057,2412.45
0.730000,56.7461,289.345,2382.02,1,12.9635,2407.98
0.740000,56.7461,289.345,2386.48,1,13.1201,2403.52
0.750000,56.7461,289.345,2390.94,1,13.2755,2399.06
0.760000,56.7461,289.345,2395.43,1,13.4296,2394.57
0.770000,56.7461,289.345,2400.16,1,13.5822,2389.84
0.780000,56.7461,289.345,2405.07,1,13.7333,2384.93
0.790000,56.7461,289.345,2410.1,1,13.8832,2379.9
0.800000,56.7461,289.345,2415.21,1,14.0317,2374.79
0.810000,56.7461,289.345,2420.37,1,14.179,2369.63
0.820000,56.7461,289.345,2425.57,1,14.3251,2364.43
0.830000,56.7461,289.345,2430.78,1,14.47,2359.22
0.840000,56.7461,289.345,2436.01,1,14.6139,2353.99
0.850000,56.7461,289.345,2441.24,1,14.7566,2348.76
0.860000,56.7461,289.345,2446.45,1,14.8983,2343.55
0.870000,56.7461,289.345,2451.64,1,15.039,2338.36
0.880000,56.7461,289.345,2456.81,1,15.1786,2333.19
0.890000,56.7461,289.345,2461.96,1,15.3173,2328.04
0.900000,56.7461,289.345,2467.06,1,15.4549,2322.94
0.910000,56.7461,289.345,2472.14,1,15.5916,2317.86
0.920000,56.7461,289.345,2477.17,1,15.7274,2312.83
0.930000,56.7461,289.345,2482.16,1,15.8622,2307.84
0.940000,56.7461,289.345,2487.12,1,15.9961,2302.88
0.950000,56.7461,289.345,2492.03,1,16.1291,2297.97
0.960000,56.7461,289.345,2496.92,1,16.2612,2293.08
0.970000,56.7461,289.345,2501.94,1,16.3921,2288.06
0.980000,56.7461,289.345,2507.04,1,16.522,2282.96
0.990000,56.7461,289.345,2512.22,1,16.6509,2277.78
1.000000,56.7461,289.345,2517.44,1,16.7788,2272.56
1.010000,56.7461,289.345,2522.68,1,16.9058,2267.32
1.020000,56.7461,289.345,2527.95,1,17.0318,2262.05
1.030000,56.7461,289.345,2533.21,1,17.1571,2256.79
1.040000,56.7461,289.345,2538.47,1,17.2814,2251.53
1.050000,56.7461,289.345,2543.71,1,17.405,2246.29
1.060000,56.7461,289.345,2548.93,1,17.5277,2241.07
1.070000,56.7461,289.345,2554.13,1,17.6496,2235.87
1.080000,56.7461,289.345,2559.3,1,17.7708,2230.7
1.090000,56.7461,289.345,2564.43,1,17.8911,2225.57
1.100000,56.7461,289.345,2569.53,1,18.0108,2220.47
1.110000,56.7461,289.345,2574.6,1,18.1296,2215.4
1.120000,56.7461,289.345,2579.63,1,18.2478,2210.37
1.130000,56.7461,289.345,2584.61,1,18.3652,2205.39
1.140000,56.7461,289.345,2589.56,1,18.4819,2200.44
1.150000,56.7461,289.345,2594.47,1,18.5978,2195.53
1.160000,56.7461,289.345,2599.34,1,18.7131,2190.66
1.170000,56.7461,289.345,2604.16,1,18.8277,2185.84
1.180000,56.7461,289.345,2608.95,1,18.9415,2181.05
1.190000,56.7461,289.345,2613.69,1,19.0547,2176.31
1.200000,56.7461,289.345,2618.4,1,19.1673,2171.6
1.210000,56.7461,289.345,2623.06,1,19.2791,2166.94
1.220000,56.7461,289.345,2627.68,1,19.3903,2162.32
1.230000,56.7461,289.345,2632.26,1,19.5008,2157.74
1.240000,56.7461,289.345,2636.89,1,19.6106,2153.11
1.250000,56.7461,289.345,2641.6,1,19.7196,2148.4
1.260000,56.7461,289.345,2646.36,1,19.8278,2143.64
1.270000,56.7461,289.345,2651.25,1,19.9353,2138.75
1.280000,56.7461,289.345,2656.39,1,20.0416,2133.61
1.290000,56.7461,289.345,2661.73,1,20.1471,2128.27
1.300000,56.7461,289.345,2667.2,1,20.2517,2122.8
1.310000,56.7461,289.345,2672.74,1,20.3555,2117.26
1.320000,56.7461,289.345,2678.31,1,20.4587,2111.69
1.330000,56.7461,289.345,2683.91,1,20.5612,2106.09
1.340000,56.7461,289.345,2689.52,1,20.6631,2100.48
1.350000,56.7461,289.345,2695.19,1,20.7643,2094.81
1.360000,56.7461,289.345,2700.93,1,20.8649,2089.07
1.370000,56.7461,289.345,2706.71,1,20.965,2083.29
1.380000,56.7461,289.345,2712.53,1,21.0646,2077.47
1.390000,56.7461,289.345,2718.4,1,21.1635,2071.6
1.400000,56.7461,289.345,2724.44,1,21.2618,2065.56
1.410000,56.7461,289.345,2730.59,1,21.3595,2059.41
1.420000,56.7461,289.345,2736.82,1,21.4566,2053.18
1.430000,56.7461,289.345,2743.09,1,21.5532,2046.91
1.440000,56.7461,289.345,2749.37,1,21.6493,2040.63
1.450000,56.7461,289.345,2755.64,1,21.7451,2034.36
1.460000,56.7461,289.345,2761.89,1,21.8406,2028.11
1.470000,56.7461,289.345,2768.12,1,21.9358,2021.88
1.480000,56.7461,289.345,2774.32,1,22.0306,2015.68
1.490000,56.7461,289.345,2780.49,1,22.1252,2009.51
1.500000,56.7461,289.345,2786.93,1,22.2193,2003.07
1.510000,56.7461,289.345,2793.62,1,22.313,1996.38
1.520000,56.7461,289.345,2800.47,1,22.4065,1989.53
1.530000,56.7461,289.345,2807.44,1,22.4997,1982.56
1.540000,56.7461,289.345,2814.49,1,22.5926,1975.51
1.550000,56.7461,289.345,2821.6,1,22.6854,1968.4
1.560000,56.7461,289.345,2828.73,1,22.7781,1961.27
1.570000,56.7461,289.345,2835.85,1,22.8706,1954.15
1.580000,56.7461,289.345,2842.95,1,22.963,1947.05
1.590000,56.7461,289.345,2850.04,1,23.0552,1939.96
1.600000,56.7461,289.345,2857.1,1,23.1474,1932.9
1.610000,56.7461,289.345,2864.14,1,23.2394,1925.86
1.620000,56.7461,289.345,2871.15,1,23.3313,1918.85
1.630000,56.7461,289.345,2878.15,1,23.4231,1911.85
1.640000,56.7461,289.345,2885.4,1,23.5144,1904.6
1.650000,56.7461,289.345,2892.88,1,23.6054,1897.12
1.660000,56.7461,289.345,2900.51,1,23.696,1889.49
1.670000,56.7461,289.345,2908.22,1,23.7864,1881.78
1.680000,56.7461,289.345,2915.97,1,23.8766,1874.03
1.690000,56.7461,289.345,2923.74,1,23.9666,1866.26
1.700000,56.7461,289.345,2931.52,1,24.0564,1858.48
1.710000,56.7461,289.345,2939.28,1,24.1461,1850.72
1.720000,56.7461,289.345,2947.03,1,24.2356,1842.97
1.730000,56.7461,289.345,2954.81,1,24.3249,1835.19
1.740000,56.7461,289.345,2962.71,1,24.414,1827.29
1.750000,56.7461,289.345,2970.67,1,24.5029,1819.33
1.760000,56.7461,289.345,2978.67,1,24.5916,1811.33
1.770000,56.7461,289.345,2986.67,1,24.6801,1803.33
1.780000,56.7461,289.345,2994.67,1,24.7686,1795.33
1.790000,56.7461,289.345,3002.66,1,24.8569,1787.34
1.800000,56.7461,289.345,3010.63,1,24.9451,1779.37
1.810000,56.7461,289.345,3018.58,1,25.0332,1771.42
1.820000,56.7461,289.345,3026.52,1,25.1212,1763.48
1.830000,56.7461,289.345,3034.43,1,25.209,1755.57
1.840000,56.7461,289.345,3042.32,1,25.2968,1747.68
1.850000,56.7461,289.345,3050.21,1,25.3844,1739.79
1.860000,56.7461,289.345,3058.18,1,25.4718,1731.82
1.870000,56.7461,289.345,3066.19,1,25.5591,1723.81
1.880000,56.7461,289.345,3074.21,1,25.6462,1715.79
1.890000,56.7461,289.345,3082.22,1,25.7331,1707.78
1.900000,56.7461,289.345,3090.23,1,25.82,1699.77
1.910000,56.7461,289.345,3098.22,1,25.9067,1691.78
1.920000,56.7461,289.345,3106.2,1,25.9933,1683.8
1.930000,56.7461,289.345,3114.15,1,26.0798,1675.85
1.940000,56.7461,289.345,3122.09,1,26.1661,1667.91
1.950000,56.7461,289.345,3130,1,26.2524,1660
1.960000,56.7461,289.345,3137.89,1,26.3385,1652.11
1.970000,56.7461,289.345,3145.76,1,26.4246,1644.24
1.980000,56.7461,289.345,3153.61,1,26.5105,1636.39
1.990000,56.7461,289.345,3161.44,1,26.5963,1628.56
2.000000,56.7461,289.345,3169.25,1,26.682,1620.75
2.010000,56.7461,289.345,3177.04,1,26.7676,1612.96
2.020000,56.7461,289.345,3184.8,1,26.8531,1605.2
2.030000,56.7461,289.345,3192.54,1,26.9385,1597.46
2.040000,56.7461,289.345,3200.27,1,27.0237,1589.73
2.050000,56.7461,289.345,3207.97,1,27.1089,1582.03
2.060000,56.7461,289.345,3215.72,1,27.1939,1574.28
2.070000,56.7461,289.345,3223.49,1,27.2789,1566.51
2.080000,56.7461,289.345,3231.27,1,27.3638,1558.73
2.090000,56.7461,289.345,3239.05,1,27.4486,1550.95
2.100000,56.7461,289.345,3246.82,1,27.5333,1543.18
2.110000,56.7461,289.345,3254.59,1,27.618,1535.41
2.120000,56.7461,289.345,3262.35,1,27.7027,1527.65
2.130000,56.7461,289.345,3270.09,2,27.7873,1519.91
2.140000,56.7461,289.345,3145.05,2,27.9796,1519.91
2.150000,56.7461,289.345,3043.22,2,28.1473,1519.91
2.160000,56.7461,289.345,2960.48,2,28.2954,1519.91
2.170000,56.7461,289.345,2893.68,2,28.4277,1519.91
2.180000,56.7461,289.345,2839.34,2,28.5477,1519.91
2.190000,56.7461,289.345,2794.86,2,28.6581,1519.91
2.200000,56.7461,289.345,2758.32,2,28.7609,1519.91
2.210000,56.7461,289.345,2728.29,2,28.8574,1519.91
2.220000,56.7461,289.345,2703.54,2,28.949,1519.91
2.230000,56.7461,289.345,2683.24,2,29.0363,1519.91
2.240000,56.7461,289.345,2666.82,2,29.12,1519.91
2.250000,56.7461,289.345,2653.56,2,29.2007,1519.91
2.260000,56.7461,289.345,2642.87,2,29.279,1519.91
2.270000,56.7461,289.345,2634.3,2,29.3552,1519.91
2.280000,56.7461,289.345,2627.46,2,29.4298,1519.91
2.290000,56.7461,289.345,2622.06,2,29.5029,1519.91
2.300000,56.7461,289.345,2617.84,2,29.5749,1519.91
2.310000,56.7461,289.345,2614.6,2,29.6458,1519.91
2.320000,56.7461,289.345,2612.18,2,29.7158,1519.91
2.330000,56.7461,289.345,2610.42,2,29.7851,1519.91
2.340000,56.7461,289.345,2609.23,2,29.8537,1519.91
2.350000,56.7461,289.345,2608.51,2,29.9218,1519.91
2.360000,56.7461,289.345,2608.17,2,29.9894,1519.91
2.370000,56.7461,289.345,2608.15,2,30.0565,1519.91
2.380000,56.7461,289.345,2608.4,2,30.1232,1519.91
2.390000,56.7461,289.345,2608.88,2,30.1896,1519.91
2.400000,56.7461,289.345,2609.54,2,30.2557,1519.91
2.410000,56.7461,289.345,2610.35,2,30.3214,1519.91
2.420000,56.7461,289.345,2611.29,2,30.3869,1519.91
2.430000,56.7461,289.345,2612.34,2,30.4522,1519.91
2.440000,56.7461,289.345,2613.48,2,30.5172,1519.91
2.450000,56.7461,289.345,2614.69,2,30.5819,1519.91
2.460000,56.7461,289.345,2615.95,2,30.6465,1519.91
2.470000,56.7461,289.345,2617.27,2,30.7108,1519.91
2.480000,56.7461,289.345,2618.63,2,30.775,1519.91
2.490000,56.7461,289.345,2620.02,2,30.839,1519.91
2.500000,56.7461,289.345,2621.44,2,30.9028,1519.91
2.510000,56.7461,289.345,2622.88,2,30.9664,1519.91
2.520000,56.7461,289.345,2624.33,2,31.0299,1519.91
2.530000,56.7461,289.345,2625.8,2,31.0931,1519.91
2.540000,56.7461,289.345,2627.28,2,31.1562,1519.91
2.550000,56.7461,289.345,2628.77,2,31.2192,1519.91
2.560000,56.7461,289.345,2630.26,2,31.282,1519.91
2.570000,56.7461,289.345,2631.76,2,31.3446,1519.91
2.580000,56.7461,289.345,2633.26,2,31.4071,1519.91
2.590000,56.7461,289.345,2634.76,2,31.4694,1519.91
2.600000,56.7461,289.345,2636.26,2,31.5316,1519.91
2.610000,56.7461,289.345,2637.76,2,31.5936,1519.91
2.620000,56.7461,289.345,2639.26,2,31.6554,1519.91
2.630000,56.7461,289.345,2640.76,2,31.7172,1519.91
2.640000,56.7461,289.345,2642.26,2,31.7787,1519.91
2.650000,56.7461,289.345,2643.75,2,31.8401,1519.91
2.660000,56.7461,289.345,2645.24,2,31.9014,1519.91
2.670000,56.7461,289.345,2646.73,2,31.9625,1519.91
2.680000,56.7461,289.345,2648.21,2,32.0235,1519.91
2.690000,56.7461,289.345,2649.69,2,32.0843,1519.91
2.700000,56.7461,289.345,2651.16,2,32.145,1519.91
2.710000,56.7461,289.345,2652.63,2,32.2055,1519.91
2.720000,56.7461,289.345,2654.1,2,32.2659,1519.91
2.730000,56.7461,289.345,2655.56,2,32.3262,1519.91
2.740000,56.7461,289.345,2657.02,2,32.3863,1519.91
2.750000,56.7461,289.345,2658.47,2,32.4462,1519.91
2.760000,56.7461,289.345,2659.95,2,32.506,1519.91
2.770000,56.7461,289.345,2661.46,2,32.5657,1519.91
2.780000,56.7461,289.345,2663,2,32.6251,1519.91
2.790000,56.7461,289.345,2664.56,2,32.6844,1519.91
2.800000,56.7461,289.345,2666.14,2,32.7436,1519.91
2.810000,56.7461,289.345,2667.73,2,32.8026,1519.91
2.820000,56.7461,289.345,2669.33,2,32.8615,1519.91
2.830000,56.7461,289.345,2670.94,2,32.9202,1519.91
2.840000,56.7461,289.345,2672.56,2,32.9788,1519.91
2.850000,56.7461,289.345,2674.18,2,33.0372,1519.91
2.860000,56.7461,289.345,2675.83,2,33.0955,1519.91
2.870000,56.7461,289.345,2677.57,2,33.1536,1519.91
2.880000,56.7461,289.345,2679.36,2,33.2115,1519.91
2.890000,56.7461,289.345,2681.2,2,33.2692,1519.91
2.900000,56.7461,289.345,2683.07,2,33.3267,1519.91
2.910000,56.7461,289.345,2684.97,2,33.3841,1519.91
2.920000,56.7461,289.345,2686.89,2,33.4413,1519.91
2.930000,56.7461,289.345,2688.83,2,33.4983,1519.91
2.940000,56.7461,289.345,2690.77,2,33.5553,1519.91
2.950000,56.7461,289.345,2692.73,2,33.612,1519.91
2.960000,56.7461,289.345,2694.69,2,33.6687,1519.91
2.970000,56.7461,289.345,2696.65,2,33.7251,1519.91
2.980000,56.7461,289.345,2698.6,2,33.7815,1519.91
2.990000,56.7461,289.345,2700.55,2,33.8377,1519.91
3.000000,56.7461,289.345,2702.48,2,33.8938,1519.91
3.010000,56.7461,289.345,2704.41,2,33.9498,1519.91
3.020000,56.7461,289.345,2706.32,2,34.0057,1519.91
3.030000,56.7461,289.345,2708.23,2,34.0614,1519.91
3.040000,56.7461,289.345,2710.13,2,34.117,1519.91
3.050000,56.7461,289.345,2712.03,2,34.1725,1519.91
3.060000,56.7461,289.345,2713.91,2,34.2279,1519.91
3.070000,56.7461,289.345,2715.79,2,34.2831,1519.91
3.080000,56.7461,289.345,2717.67,2,34.3383,1519.91
3.090000,56.7461,289.345,2719.53,2,34.3933,1519.91
3.100000,56.7461,289.345,2721.39,2,34.4481,1519.91
3.110000,56.7461,289.345,2723.26,2,34.5029,1519.91
3.120000,56.7461,289.345,2725.15,2,34.5575,1519.91
3.130000,56.7461,289.345,2727.06,2,34.612,1519.91
3.140000,56.7461,289.345,2728.98,2,34.6664,1519.91
3.150000,56.7461,289.345,2730.9,2,34.7207,1519.91
3.160000,56.7461,289.345,2732.84,2,34.7749,1519.91
3.170000,56.7461,289.345,2734.78,2,34.8289,1519.91
3.180000,56.7461,289.345,2736.72,2,34.8829,1519.91
3.190000,56.7461,289.345,2738.66,2,34.9367,1519.91
3.200000,56.7461,289.345,2740.6,2,34.9905,1519.91
3.210000,56.7461,289.345,2742.54,2,35.0441,1519.91
3.220000,56.7461,289.345,2744.47,2,35.0977,1519.91
3.230000,56.7461,289.345,2746.4,2,35.1511,1519.91
3.240000,56.7461,289.345,2748.33,2,35.2045,1519.91
3.250000,56.7461,289.345,2750.28,2,35.2577,1519.91
3.260000,56.7461,289.345,2752.27,2,35.3108,1519.91
3.270000,56.7461,289.345,2754.3,2,35.3637,1519.91
3.280000,56.7461,289.345,2756.35,2,35.4166,1519.91
3.290000,56.7461,289.345,2758.43,2,35.4693,1519.91
3.300000,56.7461,289.345,2760.51,2,35.5219,1519.91
3.310000,56.7461,289.345,2762.61,2,35.5745,1519.91
3.320000,56.7461,289.345,2764.71,2,35.6269,1519.91
3.330000,56.7461,289.345,2766.82,2,35.6792,1519.91
3.340000,56.7461,289.345,2768.92,2,35.7314,1519.91
3.350000,56.7461,289.345,2771.03,2,35.7835,1519.91
3.360000,56.7461,289.345,2773.13,2,35.8355,1519.91
3.370000,56.7461,289.345,2775.23,2,35.8875,1519.91
3.380000,56.7461,289.345,2777.33,2,35.9393,1519.91
3.390000,56.7461,289.345,2779.42,2,35.991,1519.91
3.400000,56.7461,289.345,2781.51,2,36.0427,1519.91
3.410000,56.7461,289.345,2783.6,2,36.0942,1519.91
3.420000,56.7461,289.345,2785.67,2,36.1457,1519.91
3.430000,56.7461,289.345,2787.73,2,36.1971,1519.91
3.440000,56.7461,289.345,2789.78,2,36.2484,1519.91
3.450000,56.7461,289.345,2791.83,2,36.2997,1519.91
3.460000,56.7461,289.345,2793.87,2,36.351,1519.91
3.470000,56.7461,289.345,2795.89,2,36.4021,1519.91
3.480000,56.7461,289.345,2797.92,2,36.4532,1519.91
3.490000,56.7461,289.345,2799.94,2,36.5042,1519.91
3.500000,56.7461,289.345,2801.95,2,36.5552,1519.91
3.510000,56.7461,289.345,2803.96,2,36.6061,1519.91
3.520000,56.7461,289.345,2805.97,2,36.6569,1519.91
3.530000,56.7461,289.345,2807.98,2,36.7076,1519.91
3.540000,56.7461,289.345,2809.99,2,36.7583,1519.91
3.550000,56.7461,289.345,2811.99,2,36.809,1519.91
3.560000,56.7461,289.345,2813.99,2,36.8595,1519.91
3.570000,56.7461,289.345,2815.99,2,36.91,1519.91
3.580000,56.7461,289.345,2817.99,2,36.9605,1519.91
3.590000,56.7461,289.345,2820.05,2,37.0108,1519.91
3.600000,56.7461,289.345,2822.22,2,37.0611,1519.91
3.610000,56.7461,289.345,2824.45,2,37.1113,1519.91
3.620000,56.7461,289.345,2826.72,2,37.1614,1519.91
3.630000,56.7461,289.345,2829.04,2,37.2115,1519.91
3.640000,56.7461,289.345,2831.37,2,37.2616,1519.91
3.650000,56.7461,289.345,2833.72,2,37.3116,1519.91
3.660000,56.7461,289.345,2836.09,2,37.3615,1519.91
3.670000,56.7461,289.345,2838.46,2,37.4115,1519.91
3.680000,56.7461,289.345,2840.83,2,37.4614,1519.91
3.690000,56.7461,289.345,2843.21,2,37.5113,1519.91
3.700000,56.7461,289.345,2845.58,2,37.5611,1519.91
3.710000,56.7461,289.345,2847.96,2,37.611,1519.91
3.720000,56.7461,289.345,2850.33,2,37.6608,1519.91
3.730000,56.7461,289.345,2852.71,2,37.7105,1519.91
3.740000,56.7461,289.345,2855.08,2,37.7603,1519.91
3.750000,56.7461,289.345,2857.45,2,37.81,1519.91
3.760000,56.7461,289.345,2859.81,2,37.8597,1519.91
3.770000,56.7461,289.345,2862.18,2,37.9093,1519.91
3.780000,56.7461,289.345,2864.54,2,37.9589,1519.91
3.790000,56.7461,289.345,2866.9,2,38.0085,1519.91
3.800000,56.7461,289.345,2869.25,2,38.0581,1519.91
3.810000,56.7461,289.345,2871.6,2,38.1077,1519.91
3.820000,56.7461,289.345,2873.94,2,38.1572,1519.91
3.830000,56.7461,289.345,2876.27,2,38.2067,1519.91
3.840000,56.7461,289.345,2878.59,2,38.2562,1519.91
3.850000,56.7461,289.345,2880.9,2,38.3056,1519.91
3.860000,56.7461,289.345,2883.2,2,38.355,1519.91
3.870000,56.7461,289.345,2885.5,2,38.4044,1519.91
3.880000,56.7461,289.345,2887.8,2,38.4538,1519.91
3.890000,56.7461,289.345,2890.09,2,38.5031,1519.91
3.900000,56.7461,289.345,2892.37,2,38.5524,1519.91
3.910000,56.7461,289.345,2894.66,2,38.6017,1519.91
3.920000,56.7461,289.345,2896.94,2,38.6509,1519.91
3.930000,56.7461,289.345,2899.21,2,38.7001,1519.91
3.940000,56.7461,289.345,2901.49,2,38.7493,1519.91
3.950000,56.7461,289.345,2903.76,2,38.7985,1519.91
3.960000,56.7461,289.345,2906.02,2,38.8476,1519.91
3.970000,56.7461,289.345,2908.29,2,38.8967,1519.91
3.980000,56.7461,289.345,2910.55,2,38.9458,1519.91
3.990000,56.7461,289.345,2912.8,2,38.9948,1519.91
4.000000,56.7461,289.345,2915.06,2,39.0438,1519.91
4.010000,56.7461,289.345,2917.31,2,39.0928,1519.91
4.020000,56.7461,289.345,2919.56,2,39.1418,1519.91
4.030000,56.7461,289.345,2921.8,2,39.1907,1519.91
4.040000,56.7461,289.345,2924.04,2,39.2396,1519.91
4.050000,56.7461,289.345,2926.36,2,39.2884,1519.91
4.060000,56.7461,289.345,2928.77,2,39.3371,1519.91
4.070000,56.7461,289.345,2931.23,2,39.3858,1519.91
4.080000,56.7461,289.345,2933.74,2,39.4344,1519.91
4.090000,56.7461,289.345,2936.27,2,39.4829,1519.91
4.100000,56.7461,289.345,2938.81,2,39.5314,1519.91
4.110000,56.7461,289.345,2941.36,2,39.5799,1519.91
4.120000,56.7461,289.345,2943.91,2,39.6283,1519.91
4.130000,56.7461,289.345,2946.47,2,39.6766,1519.91
4.140000,56.7461,289.345,2949.02,2,39.725,1519.91
4.150000,56.7461,289.345,2951.57,2,39.7733,1519.91
4.160000,56.7461,289.345,2954.13,2,39.8215,1519.91
4.170000,56.7461,289.345,2956.68,2,39.8698,1519.91
4.180000,56.7461,289.345,2959.22,2,39.918,1519.91
4.190000,56.7461,289.345,2961.76,2,39.9661,1519.91
4.200000,56.7461,289.345,2964.3,2,40.0142,1519.91
4.210000,56.7461,289.345,2966.84,2,40.0623,1519.91
4.220000,56.7461,289.345,2969.38,2,40.1104,1519.91
4.230000,56.7461,289.345,2971.91,2,40.1584,1519.91
4.240000,56.7461,289.345,2974.43,2,40.2064,1519.91
4.250000,56.7461,289.345,2976.96,2,40.2543,1519.91
4.260000,56.7461,289.345,2979.48,2,40.3022,1519.91
4.270000,56.7461,289.345,2981.99,2,40.3501,1519.91
4.280000,56.7461,289.345,2984.51,2,40.3979,1519.91
4.290000,56.7461,289.345,2987.02,2,40.4457,1519.91
4.300000,56.7461,289.345,2989.53,2,40.4935,1519.91
4.310000,56.7461,289.345,2992.03,2,40.5412,1519.91
4.320000,56.7461,289.345,2994.53,2,40.5889,1519.91
4.330000,56.7461,289.345,2997.03,2,40.6366,1519.91
4.340000,56.7461,289.345,2999.52,2,40.6842,1519.91
4.350000,56.7461,289.345,3002.01,2,40.7318,1519.91
4.360000,56.7461,289.345,3004.5,2,40.7794,1519.91
4.370000,56.7461,289.345,3007.04,2,40.8269,1519.91
4.380000,56.7461,289.345,3009.61,2,40.8743,1519.91
4.390000,56.7461,289.345,3012.19,2,40.9217,1519.91
4.400000,56.7461,289.345,3014.79,2,40.9691,1519.91
4.410000,56.7461,289.345,3017.39,2,41.0165,1519.91
4.420000,56.7461,289.345,3019.99,2,41.0638,1519.91
4.430000,56.7461,289.345,3022.6,2,41.1111,1519.91
4.440000,56.7461,289.345,3025.2,2,41.1583,1519.91
4.450000,56.7461,289.345,3027.8,2,41.2055,1519.91
4.460000,56.7461,289.345,3030.39,2,41.2527,1519.91
4.470000,56.7461,289.345,3032.99,2,41.2999,1519.91
4.480000,56.7461,289.345,3035.58,2,41.3471,1519.91
4.490000,56.7461,289.345,3038.17,2,41.3942,1519.91
4.500000,56.7461,289.345,3040.76,2,41.4413,1519.91
4.510000,56.7461,289.345,3043.34,2,41.4883,1519.91
4.520000,56.7461,289.345,3045.92,2,41.5354,1519.91
4.530000,56.7461,289.345,3048.5,2,41.5824,1519.91
4.540000,56.7461,289.345,3051.07,2,41.6293,1519.91
4.550000,56.7461,289.345,3053.65,2,41.6763,1519.91
4.560000,56.7461,289.345,3056.22,2,41.7232,1519.91
4.570000,56.7461,289.345,3058.78,2,41.7701,1519.91
4.580000,56.7461,289.345,3061.35,2,41.817,1519.91
4.590000,56.7461,289.345,3063.91,2,41.8638,1519.91
4.600000,56.7461,289.345,3066.47,2,41.9106,1519.91
4.610000,56.7461,289.345,3069.02,2,41.9574,1519.91
4.620000,56.7461,289.345,3071.57,2,42.0041,1519.91
4.630000,56.7461,289.345,3074.12,2,42.0509,1519.91
4.640000,56.7461,289.345,3076.67,2,42.0976,1519.91
4.650000,56.7461,289.345,3079.21,2,42.1442,1519.91
4.660000,56.7461,289.345,3081.75,2,42.1909,1519.91
4.670000,56.7461,289.345,3084.29,2,42.2375,1519.91
4.680000,56.7461,289.345,3086.83,2,42.2841,1519.91
4.690000,56.7461,289.345,3089.36,2,42.3307,1519.91
4.700000,56.7461,289.345,3091.89,2,42.3772,1519.91
4.710000,56.7461,289.345,3094.42,2,42.4237,1519.91
4.720000,56.7461,289.345,3096.94,2,42.4702,1519.91
4.730000,56.7461,289.345,3099.46,2,42.5166,1519.91
4.740000,56.7461,289.345,3101.98,2,42.5631,1519.91
4.750000,56.7461,289.345,3104.5,2,42.6094,1519.91
4.760000,56.7461,289.345,3107.06,2,42.6558,1519.91
4.770000,56.7461,289.345,3109.63,2,42.7021,1519.91
4.780000,56.7461,289.345,3112.21,2,42.7484,1519.91
4.790000,56.7461,289.345,3114.8,2,42.7946,1519.91
4.800000,56.7461,289.345,3117.38,2,42.8408,1519.91
4.810000,56.7461,289.345,3119.97,2,42.887,1519.91
4.820000,56.7461,289.345,3122.56,2,42.9331,1519.91
4.830000,56.7461,289.345,3125.14,2,42.9792,1519.91
4.840000,56.7461,289.345,3127.72,2,43.0253,1519.91
4.850000,56.7461,289.345,3130.3,2,43.0714,1519.91
4.860000,56.7461,289.345,3132.88,2,43.1174,1519.91
4.870000,56.7461,289.345,3135.45,2,43.1634,1519.91
4.880000,56.7461,289.345,3138.02,2,43.2094,1519.91
4.890000,56.7461,289.345,3140.59,2,43.2554,1519.91
4.900000,56.7461,289.345,3143.16,2,43.3013,1519.91
4.910000,56.7461,289.345,3145.72,2,43.3472,1519.91
4.920000,56.7461,289.345,3148.28,2,43.393,1519.91
4.930000,56.7461,289.345,3150.84,2,43.4389,1519.91
4.940000,56.7461,289.345,3153.39,2,43.4847,1519.91
4.950000,56.7461,289.345,3155.94,2,43.5305,1519.91
4.960000,56.7461,289.345,3158.49,2,43.5762,1519.91
4.970000,56.7461,289.345,3161.04,2,43.6219,1519.91
4.980000,56.7461,289.345,3163.58,2,43.6676,1519.91
4.990000,56.7461,289.345,3166.12,2,43.7133,1519.91
5.000000,56.7461,289.345,3168.66,2,43.7589,1519.91
5.010000,97.6183,277.03,3171.19,2,43.8045,1519.91
5.020000,97.6183,277.03,3211.6,2,43.8509,1519.91
5.030000,97.6183,277.03,3238.47,2,43.9053,1519.91
5.040000,97.6183,277.03,3256.72,2,43.965,1519.91
5.050000,97.6183,277.03,3270.02,2,44.0277,1519.91
5.060000,97.6183,277.03,3279.97,2,44.0926,1510.03
5.070000,97.6183,277.03,3287.72,2,44.1588,1502.28
5.080000,97.6183,277.03,3294.04,2,44.2258,1495.96
5.090000,97.6183,277.03,3299.45,2,44.2935,1490.55
5.100000,97.6183,277.03,3304.29,2,44.3615,1485.71
5.110000,97.6183,277.03,3308.75,2,44.4297,1481.25
5.120000,97.6183,277.03,3312.99,2,44.498,1477.01
5.130000,97.6183,277.03,3317.07,2,44.5664,1472.93
5.140000,97.6183,277.03,3321.07,2,44.6349,1468.93
5.150000,97.6183,277.03,3325,2,44.7034,1465
5.160000,97.6183,277.03,3328.89,2,44.7718,1461.11
5.170000,97.6183,277.03,3332.76,2,44.8403,1457.24
5.180000,97.6183,277.03,3336.61,2,44.9088,1453.39
5.190000,97.6183,277.03,3340.45,2,44.9773,1449.55
5.200000,97.6183,277.03,3344.28,2,45.0457,1445.72
5.210000,97.6183,277.03,3348.11,2,45.1142,1441.89
5.220000,97.6183,277.03,3351.93,2,45.1826,1438.07
5.230000,97.6183,277.03,3355.74,2,45.251,1434.26
5.240000,97.6183,277.03,3359.55,2,45.3194,1430.45
5.250000,97.6183,277.03,3363.36,2,45.3878,1426.64
5.260000,97.6183,277.03,3367.16,2,45.4562,1422.84
5.270000,97.6183,277.03,3370.96,2,45.5246,1419.04
5.280000,97.6183,277.03,3374.76,2,45.5929,1415.24
5.290000,97.6183,277.03,3378.55,2,45.6613,1411.45
5.300000,97.6183,277.03,3382.35,2,45.7296,1407.65
5.310000,97.6183,277.03,3386.13,2,45.7979,1403.87
5.320000,97.6183,277.03,3389.92,2,45.8662,1400.08
5.330000,97.6183,277.03,3393.7,2,45.9345,1396.3
5.340000,97.6183,277.03,3397.48,2,46.0027,1392.52
5.350000,97.6183,277.03,3401.26,2,46.071,1388.74
5.360000,97.6183,277.03,3405.03,2,46.1392,1384.97
5.370000,97.6183,277.03,3408.8,2,46.2074,1381.2
5.380000,97.6183,277.03,3412.57,2,46.2756,1377.43
5.390000,97.6183,277.03,3416.34,2,46.3438,1373.66
5.400000,97.6183,277.03,3420.1,2,46.412,1369.9
5.410000,97.6183,277.03,3423.9,2,46.4801,1366.1
5.420000,97.6183,277.03,3427.75,2,46.5482,1362.25
5.430000,97.6183,277.03,3431.64,2,46.6163,1358.36
5.440000,97.6183,277.03,3435.54,2,46.6844,1354.46
5.450000,97.6183,277.03,3439.46,2,46.7524,1350.54
5.460000,97.6183,277.03,3443.38,2,46.8205,1346.62
5.470000,97.6183,277.03,3447.3,2,46.8885,1342.7
5.480000,97.6183,277.03,3451.23,2,46.9565,1338.77
5.490000,97.6183,277.03,3455.15,2,47.0246,1334.85
5.500000,97.6183,277.03,3459.07,2,47.0926,1330.93
5.510000,97.6183,277.03,3462.99,2,47.1606,1327.01
5.520000,97.6183,277.03,3466.91,2,47.2286,1323.09
5.530000,97.6183,277.03,3470.82,2,47.2966,1319.18
5.540000,97.6183,277.03,3474.74,2,47.3646,1315.26
5.550000,97.6183,277.03,3478.65,2,47.4326,1311.35
5.560000,97.6183,277.03,3482.56,2,47.5006,1307.44
5.570000,97.6183,277.03,3486.46,2,47.5686,1303.54
5.580000,97.6183,277.03,3490.37,2,47.6366,1299.63
5.590000,97.6183,277.03,3494.27,2,47.7046,1295.73
5.600000,97.6183,277.03,3498.17,2,47.7726,1291.83
5.610000,97.6183,277.03,3502.07,2,47.8406,1287.93
5.620000,97.6183,277.03,3505.97,2,47.9086,1284.03
5.630000,97.6183,277.03,3509.87,2,47.9765,1280.13
5.640000,97.6183,277.03,3513.76,2,48.0445,1276.24
5.650000,97.6183,277.03,3517.65,2,48.1125,1272.35
5.660000,97.6183,277.03,3521.54,2,48.1804,1268.46
5.670000,97.6183,277.03,3525.43,2,48.2484,1264.57
5.680000,97.6183,277.03,3529.31,2,48.3163,1260.69
5.690000,97.6183,277.03,3533.19,2,48.3843,1256.81
5.700000,97.6183,277.03,3537.07,2,48.4522,1252.93
5.710000,97.6183,277.03,3540.95,2,48.5202,1249.05
5.720000,97.6183,277.03,3544.83,2,48.5881,1245.17
5.730000,97.6183,277.03,3548.7,2,48.656,1241.3
5.740000,97.6183,277.03,3552.57,2,48.724,1237.43
5.750000,97.6183,277.03,3556.44,2,48.7919,1233.56
5.760000,97.6183,277.03,3560.31,2,48.8598,1229.69
5.770000,97.6183,277.03,3564.22,2,48.9277,1225.78
5.780000,97.6183,277.03,3568.15,2,48.9956,1221.85
5.790000,97.6183,277.03,3572.11,2,49.0634,1217.89
5.800000,97.6183,277.03,3576.08,2,49.1313,1213.92
5.810000,97.6183,277.03,3580.04,2,49.1991,1209.96
5.820000,97.6183,277.03,3584.02,2,49.2669,1205.98
5.830000,97.6183,277.03,3587.99,2,49.3347,1202.01
5.840000,97.6183,277.03,3591.96,2,49.4025,1198.04
5.850000,97.6183,277.03,3595.93,2,49.4704,1194.07
5.860000,97.6183,277.03,3599.89,2,49.5382,1190.11
5.870000,97.6183,277.03,3603.86,2,49.606,1186.14
5.880000,97.6183,277.03,3607.76,2,49.6737,1182.24
5.890000,97.6183,277.03,3611.61,2,49.7415,1178.39
5.900000,97.6183,277.03,3615.45,2,49.8093,1174.55
5.910000,97.6183,277.03,3619.26,2,49.877,1170.74
5.920000,97.6183,277.03,3623.07,2,49.9446,1166.93
5.930000,97.6183,277.03,3626.87,2,50.0123,1163.13
5.940000,97.6183,277.03,3630.66,2,50.0798,1159.34
5.950000,97.6183,277.03,3634.45,2,50.1474,1155.55
5.960000,97.6183,277.03,3638.23,2,50.2149,1151.77
5.970000,97.6183,277.03,3642,2,50.2824,1148
5.980000,97.6183,277.03,3645.78,2,50.3498,1144.22
5.990000,97.6183,277.03,3649.54,2,50.4172,1140.46
6.000000,97.6183,277.03,3653.31,2,50.4845,1136.69
6.010000,97.6183,277.03,3657.06,2,50.5518,1132.94
6.020000,97.6183,277.03,3660.82,2,50.619,1129.18
6.030000,97.6183,277.03,3664.57,2,50.6863,1125.43
6.040000,97.6183,277.03,3668.31,2,50.7534,1121.69
6.050000,97.6183,277.03,3672.05,2,50.8205,1117.95
6.060000,97.6183,277.03,3675.79,2,50.8876,1114.21
6.070000,97.6183,277.03,3679.52,2,50.9547,1110.48
6.080000,97.6183,277.03,3683.24,2,51.0217,1106.76
6.090000,97.6183,277.03,3686.97,2,51.0886,1103.03
6.100000,97.6183,277.03,3690.69,2,51.1556,1099.31
6.110000,97.6183,277.03,3694.4,2,51.2224,1095.6
6.120000,97.6183,277.03,3698.11,2,51.2893,1091.89
6.130000,97.6183,277.03,3701.81,2,51.3561,1088.19
6.140000,97.6183,277.03,3705.51,2,51.4228,1084.49
6.150000,97.6183,277.03,3709.21,2,51.4895,1080.79
6.160000,97.6183,277.03,3712.9,2,51.5562,1077.1
6.170000,97.6183,277.03,3716.59,2,51.6228,1073.41
6.180000,97.6183,277.03,3720.27,2,51.6894,1069.73
6.190000,97.6183,277.03,3723.95,2,51.756,1066.05
6.200000,97.6183,277.03,3727.62,2,51.8225,1062.38
6.210000,97.6183,277.03,3731.29,2,51.8889,1058.71
6.220000,97.6183,277.03,3734.96,2,51.9554,1055.04
6.230000,97.6183,277.03,3738.62,2,52.0217,1051.38
6.240000,97.6183,277.03,3742.28,2,52.0881,1047.72
6.250000,97.6183,277.03,3745.93,2,52.1544,1044.07
6.260000,97.6183,277.03,3749.58,2,52.2206,1040.42
6.270000,97.6183,277.03,3753.22,2,52.2869,1036.78
6.280000,97.6183,277.03,3756.86,2,52.353,1033.14
6.290000,97.6183,277.03,3760.5,2,52.4192,1029.5
6.300000,97.6183,277.03,3764.13,2,52.4853,1025.87
6.310000,97.6183,277.03,3767.76,2,52.5513,1022.24
6.320000,97.6183,277.03,3771.38,2,52.6173,1018.62
6.330000,97.6183,277.03,3775,2,52.6833,1015
6.340000,97.6183,277.03,3778.61,2,52.7492,1011.39
6.350000,97.6183,277.03,3782.22,2,52.8151,1007.78
6.360000,97.6183,277.03,3785.83,2,52.881,1004.17
6.370000,97.6183,277.03,3789.43,2,52.9468,1000.57
6.380000,97.6183,277.03,3793.03,2,53.0126,996.974
6.390000,97.6183,277.03,3796.62,2,53.0783,993.381
6.400000,97.6183,277.03,3800.21,2,53.144,989.792
6.410000,97.6183,277.03,3803.79,2,53.2096,986.207
6.420000,97.6183,277.03,3807.37,2,53.2752,982.626
6.430000,97.6183,277.03,3810.95,2,53.3408,979.05
6.440000,97.6183,277.03,3814.52,2,53.4063,975.477
6.450000,97.6183,277.03,3818.09,2,53.4718,971.909
6.460000,97.6183,277.03,3821.65,2,53.5372,968.345
6.470000,97.6183,277.03,3825.21,2,53.6026,964.785
6.480000,97.6183,277.03,3828.77,2,53.668,961.23
6.490000,97.6183,277.03,3832.32,2,53.7333,957.678
6.500000,97.6183,277.03,3835.87,2,53.7986,954.131
6.510000,97.6183,277.03,3839.41,2,53.8639,950.587
6.520000,97.6183,277.03,3843.12,2,53.929,946.875
6.530000,97.6183,277.03,3846.92,2,53.994,943.083
6.540000,97.6183,277.03,3850.74,2,54.0589,939.257
6.550000,97.6183,277.03,3854.58,2,54.1238,935.42
6.560000,97.6183,277.03,3858.42,2,54.1886,931.581
6.570000,97.6183,277.03,3862.26,2,54.2534,927.742
6.580000,97.6183,277.03,3866.09,2,54.3181,923.907
6.590000,97.6183,277.03,3869.93,2,54.3828,920.075
6.600000,97.6183,277.03,3873.75,2,54.4475,916.247
6.610000,97.6183,277.03,3877.58,2,54.5121,912.423
6.620000,97.6183,277.03,3881.4,2,54.5766,908.603
6.630000,97.6183,277.03,3885.21,2,54.6412,904.787
6.640000,97.6183,277.03,3889.02,2,54.7056,900.976
6.650000,97.6183,277.03,3892.83,2,54.77,897.169
6.660000,97.6183,277.03,3896.63,2,54.8344,893.366
6.670000,97.6183,277.03,3900.43,2,54.8988,889.567
6.680000,97.6183,277.03,3904.23,2,54.9631,885.772
6.690000,97.6183,277.03,3908.02,2,55.0273,881.982
6.700000,97.6183,277.03,3911.8,2,55.0915,878.196
6.710000,97.6183,277.03,3915.59,2,55.1557,874.414
6.720000,97.6183,277.03,3919.36,2,55.2198,870.636
6.730000,97.6183,277.03,3923.14,2,55.2839,866.862
6.740000,97.6183,277.03,3926.91,2,55.3479,863.092
6.750000,97.6183,277.03,3930.67,2,55.4119,859.326
6.760000,97.6183,277.03,3934.44,2,55.4758,855.565
6.770000,97.6183,277.03,3938.19,2,55.5397,851.808
6.780000,97.6183,277.03,3941.95,2,55.6035,848.054
6.790000,97.6183,277.03,3945.69,2,55.6674,844.305
6.800000,97.6183,277.03,3949.44,2,55.7311,840.56
6.810000,97.6183,277.03,3953.18,2,55.7948,836.819
6.820000,97.6183,277.03,3956.92,2,55.8585,833.082
6.830000,97.6183,277.03,3960.65,2,55.9221,829.35
6.840000,97.6183,277.03,3964.38,2,55.9857,825.621
6.850000,97.6183,277.03,3968.1,2,56.0493,821.897
6.860000,97.6183,277.03,3971.82,2,56.1128,818.176
6.870000,97.6183,277.03,3975.54,2,56.1762,814.46
6.880000,97.6183,277.03,3979.25,2,56.2396,810.747
6.890000,97.6183,277.03,3982.96,2,56.303,807.039
6.900000,97.6183,277.03,3986.67,2,56.3663,803.334
6.910000,97.6183,277.03,3990.37,2,56.4296,799.634
6.920000,97.6183,277.03,3994.06,2,56.4928,795.938
6.930000,97.6183,277.03,3997.75,2,56.556,792.246
6.940000,97.6183,277.03,4001.44,2,56.6192,788.558
6.950000,97.6183,277.03,4005.13,2,56.6823,784.874
6.960000,97.6183,277.03,4008.81,2,56.7453,781.195
6.970000,97.6183,277.03,4012.48,2,56.8084,777.52
6.980000,97.6183,277.03,4016.15,2,56.8713,773.849
6.990000,97.6183,277.03,4019.82,2,56.9343,770.182
7.000000,97.6183,277.03,4023.48,2,56.9972,766.52
7.010000,97.6183,277.03,4027.14,2,57.06,762.861
7.020000,97.6183,277.03,4030.79,2,57.1228,759.207
7.030000,97.6183,277.03,4034.44,2,57.1856,755.556
7.040000,97.6183,277.03,4038.09,2,57.2483,751.91
7.050000,97.6183,277.03,4041.73,2,57.3109,748.267
7.060000,97.6183,277.03,4045.37,2,57.3736,744.629
7.070000,97.6183,277.03,4049.01,2,57.4361,740.994
7.080000,97.6183,277.03,4052.64,2,57.4987,737.364
7.090000,97.6183,277.03,4056.26,2,57.5612,733.737
7.100000,97.6183,277.03,4059.89,2,57.6236,730.115
7.110000,97.6183,277.03,4063.5,2,57.686,726.496
7.120000,97.6183,277.03,4067.12,2,57.7484,722.881
7.130000,97.6183,277.03,4070.73,2,57.8107,719.271
7.140000,97.6183,277.03,4074.34,2,57.873,715.664
7.150000,97.6183,277.03,4077.94,2,57.9352,712.061
7.160000,97.6183,277.03,4081.54,2,57.9974,708.462
7.170000,97.6183,277.03,4085.13,2,58.0596,704.867
7.180000,97.6183,277.03,4088.72,2,58.1217,701.276
7.190000,97.6183,277.03,4092.31,2,58.1837,697.688
7.200000,97.6183,277.03,4095.89,2,58.2458,694.105
7.210000,97.6183,277.03,4099.47,2,58.3077,690.526
7.220000,97.6183,277.03,4103.05,2,58.3697,686.95
7.230000,97.6183,277.03,4106.62,2,58.4315,683.379
7.240000,97.6183,277.03,4110.19,2,58.4934,679.811
7.250000,97.6183,277.03,4113.75,2,58.5552,676.247
7.260000,97.6183,277.03,4117.31,2,58.617,672.687
7.270000,97.6183,277.03,4120.87,2,58.6787,669.131
7.280000,97.6183,277.03,4124.42,2,58.7403,665.579
7.290000,97.6183,277.03,4127.97,2,58.802,662.03
7.300000,97.6183,277.03,4131.51,2,58.8636,658.486
7.310000,97.6183,277.03,4135.05,2,58.9251,654.945
7.320000,97.6183,277.03,4138.59,2,58.9866,651.408
7.330000,97.6183,277.03,4142.12,2,59.0481,647.875
7.340000,97.6183,277.03,4145.65,2,59.1095,644.346
7.350000,97.6183,277.03,4149.18,2,59.1709,640.821
7.360000,97.6183,277.03,4152.7,2,59.2322,637.299
7.370000,97.6183,277.03,4156.22,2,59.2935,633.782
7.380000,97.6183,277.03,4159.73,2,59.3547,630.268
7.390000,97.6183,277.03,4163.24,2,59.4159,626.758
7.400000,97.6183,277.03,4166.75,2,59.4771,623.251
7.410000,97.6183,277.03,4170.25,2,59.5382,619.749
7.420000,97.6183,277.03,4173.75,2,59.5993,616.25
7.430000,97.6183,277.03,4177.24,2,59.6603,612.755
7.440000,97.6183,277.03,4180.74,2,59.7213,609.264
7.450000,97.6183,277.03,4184.22,2,59.7823,605.777
7.460000,97.6183,277.03,4187.71,2,59.8432,602.293
7.470000,97.6183,277.03,4191.19,2,59.9041,598.813
7.480000,97.6183,277.03,4194.66,2,59.9649,595.337
7.490000,97.6183,277.03,4198.14,2,60.0257,591.865
7.500000,97.6183,277.03,4201.6,2,60.0864,588.396
7.510000,97.6183,277.03,4205.07,2,60.1471,584.931
7.520000,97.6183,277.03,4208.53,2,60.2078,581.47
7.530000,97.6183,277.03,4211.99,2,60.2684,578.013
7.540000,97.6183,277.03,4215.44,2,60.3289,574.559
7.550000,97.6183,277.03,4218.89,2,60.3895,571.109
7.560000,97.6183,277.03,4222.34,2,60.45,567.663
7.570000,97.6183,277.03,4225.78,2,60.5104,564.221
7.580000,97.6183,277.03,4229.22,2,60.5708,560.782
7.590000,97.6183,277.03,4232.65,2,60.6312,557.347
7.600000,97.6183,277.03,4236.08,2,60.6915,553.915
7.610000,97.6183,277.03,4239.51,2,60.7518,550.487
7.620000,97.6183,277.03,4242.94,2,60.812,547.063
7.630000,97.6183,277.03,4246.36,2,60.8722,543.643
7.640000,97.6183,277.03,4249.77,2,60.9324,540.226
7.650000,97.6183,277.03,4253.19,2,60.9925,536.813
7.660000,97.6183,277.03,4256.6,2,61.0525,533.404
7.670000,97.6183,277.03,4260,2,61.1126,529.998
7.680000,97.6183,277.03,4263.4,2,61.1726,526.596
7.690000,97.6183,277.03,4266.8,2,61.2325,523.198
7.700000,97.6183,277.03,4270.2,2,61.2924,519.803
7.710000,97.6183,277.03,4273.59,2,61.3523,516.412
7.720000,97.6183,277.03,4276.98,2,61.4121,513.025
7.730000,97.6183,277.03,4280.36,2,61.4719,509.641
7.740000,97.6183,277.03,4283.74,2,61.5316,506.261
7.750000,97.6183,277.03,4287.12,2,61.5913,502.884
7.760000,97.6183,277.03,4290.49,2,61.651,499.511
7.770000,97.6183,277.03,4293.86,2,61.7106,496.142
7.780000,97.6183,277.03,4297.22,2,61.7702,492.776
7.790000,97.6183,277.03,4300.59,2,61.8297,489.414
7.800000,97.6183,277.03,4303.94,2,61.8892,486.055
7.810000,97.6183,277.03,4307.3,2,61.9486,482.7
7.820000,97.6183,277.03,4310.65,2,62.008,479.349
7.830000,97.6183,277.03,4314,2,62.0674,476.001
7.840000,97.6183,277.03,4317.34,2,62.1267,472.657
7.850000,97.6183,277.03,4320.68,2,62.186,469.316
7.860000,97.6183,277.03,4324.02,2,62.2453,465.979
7.870000,97.6183,277.03,4327.35,2,62.3045,462.646
7.880000,97.6183,277.03,4330.68,2,62.3636,459.316
7.890000,97.6183,277.03,4334.01,2,62.4227,455.989
7.900000,97.6183,277.03,4337.33,2,62.4818,452.666
7.910000,97.6183,277.03,4340.65,2,62.5409,449.347
7.920000,97.6183,277.03,4343.97,2,62.5999,446.031
7.930000,97.6183,277.03,4347.28,2,62.6588,442.719
7.940000,97.6183,277.03,4350.59,2,62.7177,439.41
7.950000,97.6183,277.03,4353.89,2,62.7766,436.105
7.960000,97.6183,277.03,4357.2,2,62.8355,432.803
7.970000,97.6183,277.03,4360.49,2,62.8943,429.505
7.980000,97.6183,277.03,4363.79,2,62.953,426.211
7.990000,97.6183,277.03,4367.08,2,63.0117,422.919
8.000000,97.6183,277.03,4370.37,2,63.0704,419.632
8.010000,97.6183,277.03,4373.65,2,63.129,416.348
8.020000,97.6183,277.03,4376.93,2,63.1876,413.067
8.030000,97.6183,277.03,4380.21,2,63.2462,409.79
8.040000,97.6183,277.03,4383.48,2,63.3047,406.516
8.050000,97.6183,277.03,4386.75,2,63.3632,403.246
8.060000,97.6183,277.03,4390.02,2,63.4216,399.979
8.070000,97.6183,277.03,4393.28,2,63.48,396.716
8.080000,97.6183,277.03,4396.54,2,63.5383,393.456
8.090000,97.6183,277.03,4399.8,2,63.5966,390.199
8.100000,97.6183,277.03,4403.05,2,63.6549,386.946
8.110000,97.6183,277.03,4406.26,2,63.7131,383.745
8.120000,97.6183,277.03,4409.42,2,63.7713,380.578
8.130000,97.6183,277.03,4412.57,2,63.8294,377.433
8.140000,97.6183,277.03,4415.7,2,63.8875,374.303
8.150000,97.6183,277.03,4418.82,2,63.9455,371.184
8.160000,97.6183,277.03,4421.93,2,64.0034,368.073
8.170000,97.6183,277.03,4425.03,2,64.0613,364.969
8.180000,97.6183,277.03,4428.13,2,64.1191,361.871
8.190000,97.6183,277.03,4431.22,2,64.1768,358.779
8.200000,97.6183,277.03,4434.31,2,64.2345,355.692
8.210000,97.6183,277.03,4437.39,2,64.2921,352.611
8.220000,97.6183,277.03,4440.47,2,64.3496,349.534
8.230000,97.6183,277.03,4443.54,2,64.4071,346.463
8.240000,97.6183,277.03,4446.6,2,64.4644,343.398
8.250000,97.6183,277.03,4449.66,2,64.5218,340.337
8.260000,97.6183,277.03,4452.72,2,64.579,337.281
8.270000,97.6183,277.03,4455.77,2,64.6362,334.231
8.280000,97.6183,277.03,4458.81,2,64.6934,331.186
8.290000,97.6183,277.03,4461.85,2,64.7504,328.145
8.300000,97.6183,277.03,4464.89,2,64.8074,325.11
8.310000,97.6183,277.03,4467.92,2,64.8643,322.08
8.320000,97.6183,277.03,4470.95,2,64.9212,319.054
8.330000,97.6183,277.03,4473.97,2,64.978,316.034
8.340000,97.6183,277.03,4476.98,2,65.0347,313.019
8.350000,97.6183,277.03,4479.99,2,65.0914,310.009
8.360000,97.6183,277.03,4483,2,65.148,307.004
8.370000,97.6183,277.03,4486,2,65.2045,304.003
8.380000,97.6183,277.03,4488.99,2,65.261,301.008
8.390000,97.6183,277.03,4491.98,2,65.3174,298.018
8.400000,97.6183,277.03,4494.97,2,65.3738,295.032
8.410000,97.6183,277.03,4497.95,2,65.43,292.052
8.420000,97.6183,277.03,4500.92,2,65.4862,289.076
8.430000,97.6183,277.03,4503.89,2,65.5424,286.106
8.440000,97.6183,277.03,4506.86,2,65.5985,283.14
8.450000,97.6183,277.03,4509.82,2,65.6545,280.179
8.460000,97.6183,277.03,4512.78,2,65.7104,277.223
8.470000,97.6183,277.03,4515.73,2,65.7663,274.272
8.480000,97.6183,277.03,4518.67,2,65.8222,271.326
8.490000,97.6183,277.03,4521.62,2,65.8779,268.384
8.500000,97.6183,277.03,4524.55,2,65.9336,265.448
8.510000,97.6183,277.03,4527.48,2,65.9892,262.516
8.520000,97.6183,277.03,4530.41,2,66.0448,259.589
8.530000,97.6183,277.03,4533.33,2,66.1003,256.667
8.540000,97.6183,277.03,4536.25,2,66.1557,253.75
8.550000,97.6183,277.03,4539.16,2,66.2111,250.837
8.560000,97.6183,277.03,4542.07,2,66.2664,247.93
8.570000,97.6183,277.03,4544.97,2,66.3217,245.027
8.580000,97.6183,277.03,4547.87,2,66.3769,242.129
8.590000,97.6183,277.03,4550.76,2,66.432,239.235
8.600000,97.6183,277.03,4553.65,2,66.487,236.347
8.610000,97.6183,277.03,4556.54,2,66.542,233.463
8.620000,97.6183,277.03,4559.42,2,66.597,230.583
8.630000,97.6183,277.03,4562.29,2,66.6518,227.709
8.640000,97.6183,277.03,4565.16,2,66.7066,224.839
8.650000,97.6183,277.03,4568.03,2,66.7614,221.974
8.660000,97.6183,277.03,4570.89,2,66.8161,219.114
8.670000,97.6183,277.03,4573.74,2,66.8707,216.258
8.680000,97.6183,277.03,4576.59,2,66.9252,213.407
8.690000,97.6183,277.03,4579.44,2,66.9797,210.56
8.700000,97.6183,277.03,4582.28,2,67.0342,207.719
8.710000,97.6183,277.03,4585.12,2,67.0885,204.882
8.720000,97.6183,277.03,4587.95,2,67.1428,202.049
8.730000,97.6183,277.03,4590.78,2,67.1971,199.221
8.740000,97.6183,277.03,4593.6,2,67.2513,196.398
8.750000,97.6183,277.03,4596.42,2,67.3054,193.579
8.760000,97.6183,277.03,4599.23,2,67.3594,190.765
8.770000,97.6183,277.03,4602.04,2,67.4134,187.956
8.780000,97.6183,277.03,4604.85,2,67.4674,185.151
8.790000,97.6183,277.03,4607.65,2,67.5212,182.35
8.800000,97.6183,277.03,4610.45,2,67.575,179.555
8.810000,97.6183,277.03,4613.24,2,67.6288,176.763
8.820000,97.6183,277.03,4616.02,2,67.6825,173.977
8.830000,97.6183,277.03,4618.81,2,67.7361,171.194
8.840000,97.6183,277.03,4621.58,2,67.7897,168.417
8.850000,97.6183,277.03,4624.36,2,67.8432,165.644
8.860000,97.6183,277.03,4627.13,2,67.8966,162.875
8.870000,97.6183,277.03,4629.89,2,67.95,160.111
8.880000,97.6183,277.03,4632.65,2,68.0033,157.351
8.890000,97.6183,277.03,4635.4,2,68.0566,154.596
8.900000,97.6183,277.03,4638.15,2,68.1098,151.845
8.910000,97.6183,277.03,4640.9,2,68.1629,149.099
8.920000,97.6183,277.03,4643.64,2,68.216,146.357
8.930000,97.6183,277.03,4646.38,2,68.269,143.619
8.940000,97.6183,277.03,4649.11,2,68.322,140.886
8.950000,97.6183,277.03,4651.84,2,68.3749,138.158
8.960000,97.6183,277.03,4654.57,2,68.4277,135.434
8.970000,97.6183,277.03,4657.29,2,68.4805,132.714
8.980000,97.6183,277.03,4660,2,68.5332,129.998
8.990000,97.6183,277.03,4662.71,2,68.5859,127.287
9.000000,97.6183,277.03,4665.42,2,68.6385,124.581
9.010000,97.6183,277.03,4668.12,2,68.691,121.878
9.020000,97.6183,277.03,4670.82,2,68.7435,119.18
9.030000,97.6183,277.03,4673.51,2,68.7959,116.487
9.040000,97.6183,277.03,4676.2,2,68.8483,113.798
9.050000,97.6183,277.03,4678.89,2,68.9006,111.113
9.060000,97.6183,277.03,4681.57,2,68.9528,108.432
9.070000,97.6183,277.03,4684.24,2,69.005,105.756
9.080000,97.6183,277.03,4686.92,2,69.0571,103.084
9.090000,97.6183,277.03,4689.58,2,69.1092,100.416
9.100000,97.6183,277.03,4692.25,2,69.1612,97.7526
9.110000,97.6183,277.03,4694.91,2,69.2131,95.0935
9.120000,97.6183,277.03,4697.56,2,69.265,92.4386
9.130000,97.6183,277.03,4700.21,2,69.3169,89.788
9.140000,97.6183,277.03,4702.86,2,69.3686,87.1417
9.150000,97.6183,277.03,4705.5,2,69.4203,84.4995
9.160000,97.6183,277.03,4708.14,2,69.472,81.8617
9.170000,97.6183,277.03,4710.77,2,69.5236,79.228
9.180000,97.6183,277.03,4713.4,2,69.5751,76.5986
9.190000,97.6183,277.03,4716.03,2,69.6266,73.9733
9.200000,97.6183,277.03,4718.65,2,69.678,71.3523
9.210000,97.6183,277.03,4721.26,2,69.7294,68.7354
9.220000,97.6183,277.03,4723.88,2,69.7807,66.1228
9.230000,97.6183,277.03,4726.49,2,69.8319,63.5143
9.240000,97.6183,277.03,4729.09,2,69.8831,60.91
9.250000,97.6183,277.03,4731.69,2,69.9343,58.3098
9.260000,97.6183,277.03,4734.29,2,69.9853,55.7138
9.270000,97.6183,277.03,4736.88,2,70.0364,53.122
9.280000,97.6183,277.03,4739.47,2,70.0873,50.5342
9.290000,97.6183,277.03,4742.05,2,70.1382,47.9506
9.300000,97.6183,277.03,4744.63,2,70.1891,45.3711
9.310000,97.6183,277.03,4747.2,2,70.2398,42.7957
9.320000,97.6183,277.03,4749.78,2,70.2906,40.2245
9.330000,97.6183,277.03,4752.34,2,70.3412,37.6573
9.340000,97.6183,277.03,4754.91,2,70.3919,35.0942
9.350000,97.6183,277.03,4757.46,2,70.4424,32.5351
9.360000,97.6183,277.03,4760.02,2,70.4929,29.9802
9.370000,97.6183,277.03,4762.57,2,70.5434,27.4293
9.380000,97.6183,277.03,4765.12,2,70.5938,24.8824
9.390000,97.6183,277.03,4767.66,2,70.6441,22.3396
9.400000,97.6183,277.03,4770.2,2,70.6944,19.8009
9.410000,97.6183,277.03,4772.73,2,70.7446,17.2661
9.420000,97.6183,277.03,4775.26,2,70.7947,14.7354
9.430000,97.6183,277.03,4777.79,2,70.8448,12.2087
9.440000,97.6183,277.03,4780.31,2,70.8949,9.68599
9.450000,97.6183,277.03,4782.83,2,70.9449,7.16728
9.460000,97.6183,277.03,4785.35,2,70.9948,4.65256
9.470000,97.6183,277.03,4787.86,2,71.0447,2.14182
9.480000,97.6183,277.03,4790.36,2,71.0945,-0.364947
9.490000,97.6183,277.03,4792.87,3,71.1443,-2.86775
9.500000,97.6183,277.03,4457.37,3,71.37,-2.86775
9.510000,97.6183,277.03,4218.43,3,71.5361,-2.86775
9.520000,97.6183,277.03,4041.51,3,71.6642,-2.86775
9.530000,97.6183,277.03,3906.43,3,71.7671,-2.86775
9.540000,97.6183,277.03,3807.08,3,71.8494,-2.86775
9.550000,97.6183,277.03,3736.38,3,71.9168,-2.86775
9.560000,97.6183,277.03,3688.98,3,71.9745,-2.86775
9.570000,97.6183,277.03,3658.25,3,72.0253,-2.86775
9.580000,97.6183,277.03,3640.53,3,72.0707,-2.86775
9.590000,97.6183,277.03,3631.22,3,72.1127,-2.86775
9.600000,97.6183,277.03,3626.42,3,72.1529,-2.86775
9.610000,97.6183,277.03,3624.19,3,72.1921,-2.86775
9.620000,97.6183,277.03,3623.65,3,72.2306,-2.86775
9.630000,97.6183,277.03,3624.01,3,72.2688,-2.86775
9.640000,97.6183,277.03,3624.86,3,72.3067,-2.86775
9.650000,97.6183,277.03,3625.98,3,72.3444,-2.86775
9.660000,97.6183,277.03,3627.26,3,72.3822,-2.86775
9.670000,97.6183,277.03,3628.61,3,72.4198,-2.86775
9.680000,97.6183,277.03,3630.01,3,72.4574,-2.86775
9.690000,97.6183,277.03,3631.44,3,72.495,-2.86775
9.700000,97.6183,277.03,3632.87,3,72.5326,-2.86775
9.710000,97.6183,277.03,3634.32,3,72.5702,-2.86775
9.720000,97.6183,277.03,3635.77,3,72.6077,-2.86775
9.730000,97.6183,277.03,3637.22,3,72.6453,-2.86775
9.740000,97.6183,277.03,3638.67,3,72.6828,-2.86775
9.750000,97.6183,277.03,3640.12,3,72.7203,-2.86775
9.760000,97.6183,277.03,3641.57,3,72.7577,-2.86775
9.770000,97.6183,277.03,3643.02,3,72.7952,-2.86775
9.780000,97.6183,277.03,3644.46,3,72.8326,-2.86775
9.790000,97.6183,277.03,3645.91,3,72.8701,-2.86775
9.800000,97.6183,277.03,3647.36,3,72.9075,-2.86775
9.810000,97.6183,277.03,3648.8,3,72.9449,-2.86775
9.820000,97.6183,277.03,3650.25,3,72.9823,-2.86775
9.830000,97.6183,277.03,3651.69,3,73.0196,-2.86775
9.840000,97.6183,277.03,3653.14,3,73.057,-2.86775
9.850000,97.6183,277.03,3654.58,3,73.0943,-2.86775
9.860000,97.6183,277.03,3656.02,3,73.1316,-2.86775
9.870000,97.6183,277.03,3657.46,3,73.169,-2.86775
9.880000,97.6183,277.03,3658.9,3,73.2062,-2.86775
9.890000,97.6183,277.03,3660.34,3,73.2435,-2.86775
9.900000,97.6183,277.03,3661.77,3,73.2808,-2.86775
9.910000,97.6183,277.03,3663.21,3,73.318,-2.86775
9.920000,97.6183,277.03,3664.65,3,73.3552,-2.86775
9.930000,97.6183,277.03,3666.08,3,73.3924,-2.86775
9.940000,97.6183,277.03,3667.51,3,73.4296,-2.86775
9.950000,97.6183,277.03,3668.95,3,73.4668,-2.86775
9.960000,97.6183,277.03,3670.38,3,73.504,-2.86775
9.970000,97.6183,277.03,3671.81,3,73.5411,-2.86775
9.980000,97.6183,277.03,3673.24,3,73.5783,-2.86775
9.990000,97.6183,277.03,3674.67,3,73.6154,-2.86775
10.000000,97.6183,277.03,3676.1,3,73.6525,-2.86775
10.010000,97.6183,277.03,3677.52,3,73.6896,-2.86775
