0.000000,100,0,1000,1,0,120
0.010000,100,0,1000,1,0.0515369,119.948
0.020000,100,0,1105.07,1,0.10288,119.897
0.030000,100,0,1208.87,1,0.16591,119.834
0.040000,100,0,1310.65,1,0.241557,119.758
0.050000,100,0,1407.52,1,0.33059,119.669
0.060000,100,0,1499.25,1,0.433254,119.567
0.070000,100,0,1585.67,1,0.549592,119.45
0.080000,100,0,1666.73,1,0.679462,119.321
0.090000,100,0,1742.11,1,0.822555,119.177
0.100000,100,0,1811.87,1,0.978361,119.022
0.110000,100,0,1876.16,1,1.14624,118.854
0.120000,100,0,1935.2,1,1.32547,118.675
0.130000,100,0,1989.23,1,1.51526,118.485
0.140000,100,0,2038.52,1,1.71477,118.285
0.150000,100,0,2083.4,1,1.92315,118.077
0.160000,100,0,2124.15,1,2.13956,117.86
0.170000,100,0,2160.96,1,2.36397,117.636
0.180000,100,0,2194.08,1,2.59563,117.404
0.190000,100,0,2223.81,1,2.83378,117.166
0.200000,100,0,2250.4,1,3.07773,116.922
0.210000,100,0,2274.12,1,3.3268,116.673
0.220000,100,0,2295.2,1,3.58036,116.42
0.230000,100,0,2313.89,1,3.8378,116.162
0.240000,100,0,2330.38,1,4.09858,115.901
0.250000,100,0,2344.89,1,4.36217,115.638
0.260000,100,0,2357.63,1,4.62801,115.372
0.270000,100,0,2368.96,1,4.89488,115.105
0.280000,100,0,2379.03,1,5.16243,114.838
0.290000,100,0,2387.97,1,5.43035,114.57
0.300000,100,0,2395.89,1,5.69833,114.302
0.310000,100,0,2402.9,1,5.96612,114.034
0.320000,100,0,2409.09,1,6.2335,113.767
0.330000,100,0,2414.55,1,6.50025,113.5
0.340000,100,0,2419.36,1,6.7662,113.234
0.350000,100,0,2423.7,1,7.03097,112.969
0.360000,100,0,2428.02,1,7.29379,112.706
0.370000,100,0,2432.31,1,7.55468,112.445
0.380000,100,0,2436.56,1,7.81367,112.186
0.390000,100,0,2440.79,1,8.07077,111.929
0.400000,100,0,2444.98,1,8.326,111.674
0.410000,100,0,2449.14,1,8.5794,111.421
0.420000,100,0,2453.26,1,8.83097,111.169
0.430000,100,0,2457.35,1,9.08073,110.919
0.440000,100,0,2461.4,1,9.3287,110.671
0.450000,100,0,2465.62,1,9.57413,110.426
0.460000,100,0,2469.96,1,9.81709,110.183
0.470000,100,0,2474.41,1,10.0577,109.942
0.480000,100,0,2478.95,1,10.296,109.704
0.490000,100,0,2483.55,1,10.532,109.468
0.500000,100,0,2488.2,1,10.7659,109.234
0.510000,100,0,2492.89,1,10.9977,109.002
0.520000,100,0,2497.61,1,11.2274,108.773
0.530000,100,0,2502.34,1,11.4551,108.545
0.540000,100,0,2507.08,1,11.6808,108.319
0.550000,100,0,2512,1,11.9043,108.096
0.560000,100,0,2517.27,1,12.1253,107.875
0.570000,100,0,2522.82,1,12.3441,107.656
0.580000,100,0,2528.6,1,12.5608,107.439
0.590000,100,0,2534.57,1,12.7754,107.225
0.600000,100,0,2540.69,1,12.9881,107.012
0.610000,100,0,2546.93,1,13.1989,106.801
0.620000,100,0,2553.27,1,13.408,106.592
0.630000,100,0,2559.67,1,13.6154,106.385
0.640000,100,0,2566.13,1,13.8211,106.179
0.650000,100,0,2572.61,1,14.0253,105.975
0.660000,100,0,2579.12,1,14.2278,105.772
0.670000,100,0,2585.64,1,14.4289,105.571
0.680000,100,0,2592.37,1,14.6282,105.372
0.690000,100,0,2599.42,1,14.8256,105.174
0.700000,100,0,2606.72,1,15.0213,104.979
0.710000,100,0,2614.23,1,15.2153,104.785
0.720000,100,0,2621.89,1,15.4078,104.592
0.730000,100,0,2629.68,1,15.5989,104.401
0.740000,100,0,2637.56,1,15.7886,104.211
0.750000,100,0,2645.5,1,15.977,104.023
0.760000,100,0,2653.49,1,16.1641,103.836
0.770000,100,0,2661.5,1,16.35,103.65
0.780000,100,0,2669.53,1,16.5347,103.465
0.790000,100,0,2677.55,1,16.7183,103.282
0.800000,100,0,2685.55,1,16.9008,103.099
0.810000,100,0,2693.54,1,17.0822,102.918
0.820000,100,0,2701.49,1,17.2625,102.738
0.830000,100,0,2709.41,1,17.4418,102.558
0.840000,100,0,2717.29,1,17.6201,102.38
0.850000,100,0,2725.21,1,17.7972,102.203
0.860000,100,0,2733.31,1,17.9731,102.027
0.870000,100,0,2741.54,1,18.1477,101.852
0.880000,100,0,2749.86,1,18.3213,101.679
0.890000,100,0,2758.26,1,18.4938,101.506
0.900000,100,0,2766.7,1,18.6652,101.335
0.910000,100,0,2775.17,1,18.8357,101.164
0.920000,100,0,2783.65,1,19.0052,100.995
0.930000,100,0,2792.13,1,19.1738,100.826
0.940000,100,0,2800.6,1,19.3416,100.658
0.950000,100,0,2809.04,1,19.5084,100.492
0.960000,100,0,2817.38,1,19.6745,100.326
0.970000,100,0,2825.63,1,19.8396,100.16
0.980000,100,0,2833.8,1,20.004,99.996
0.990000,100,0,2841.89,1,20.1674,99.8326
1.000000,100,0,2849.89,1,20.3301,99.6699
1.010000,100,0,2857.81,1,20.4919,99.5081
1.020000,100,0,2865.66,1,20.6529,99.3471
1.030000,100,0,2873.43,1,20.813,99.187
1.040000,100,0,2881.14,1,20.9723,99.0277
1.050000,100,0,2888.77,1,21.1309,98.8691
1.060000,100,0,2896.33,1,21.2886,98.7114
1.070000,100,0,2903.83,1,21.4454,98.5546
1.080000,100,0,2911.26,1,21.6015,98.3985
1.090000,100,0,2918.79,1,21.7566,98.2434
1.100000,100,0,2926.42,1,21.9107,98.0893
1.110000,100,0,2934.18,1,22.0639,97.9361
1.120000,100,0,2942.33,1,22.2156,97.7844
1.130000,100,0,2950.79,1,22.3661,97.6339
1.140000,100,0,2959.46,1,22.5154,97.4846
1.150000,100,0,2968.24,1,22.6639,97.3361
1.160000,100,0,2977.09,1,22.8115,97.1885
1.170000,100,0,2985.98,1,22.9583,97.0417
1.180000,100,0,2995.01,1,23.1044,96.8956
1.190000,100,0,3004.17,1,23.2497,96.7503
1.200000,100,0,3013.4,1,23.3943,96.6057
1.210000,100,0,3022.73,1,23.5382,96.4618
1.220000,100,0,3032.34,1,23.6813,96.3187
1.230000,100,0,3042.13,1,23.8236,96.1764
1.240000,100,0,3052.06,1,23.9652,96.0348
1.250000,100,0,3062.07,1,24.1063,95.8937
1.260000,100,0,3072.09,1,24.247,95.753
1.270000,100,0,3082.11,1,24.3874,95.6126
1.280000,100,0,3092.11,1,24.5274,95.4726
1.290000,100,0,3102.1,1,24.6672,95.3328
1.300000,100,0,3112.28,1,24.8066,95.1934
1.310000,100,0,3122.9,1,24.9456,95.0544
1.320000,100,0,3133.82,1,25.0842,94.9158
1.330000,100,0,3144.94,1,25.2226,94.7774
1.340000,100,0,3156.19,1,25.3609,94.6391
1.350000,100,0,3167.52,1,25.4991,94.5009
1.360000,100,0,3178.86,1,25.6373,94.3627
1.370000,100,0,3190.19,1,25.7754,94.2246
1.380000,100,0,3201.5,1,25.9136,94.0864
1.390000,100,0,3212.8,1,26.0517,93.9483
1.400000,100,0,3224.08,1,26.1898,93.8102
1.410000,100,0,3235.33,1,26.3279,93.6721
1.420000,100,0,3246.89,1,26.4656,93.5344
1.430000,100,0,3258.84,1,26.6029,93.3971
1.440000,100,0,3271.03,1,26.7398,93.2602
1.450000,100,0,3283.34,1,26.8766,93.1234
1.460000,100,0,3295.73,1,27.0133,92.9867
1.470000,100,0,3308.15,1,27.1498,92.8502
1.480000,100,0,3320.58,1,27.2863,92.7137
1.490000,100,0,3333,1,27.4227,92.5773
1.500000,100,0,3345.57,1,27.559,92.441
1.510000,100,0,3358.3,1,27.6951,92.3049
1.520000,100,0,3371.12,1,27.8312,92.1688
1.530000,100,0,3383.97,1,27.9672,92.0328
1.540000,100,0,3396.85,1,28.1032,91.8968
1.550000,100,0,3409.72,1,28.2392,91.7608
1.560000,100,0,3422.58,1,28.3752,91.6248
1.570000,100,0,3435.43,1,28.5112,91.4888
1.580000,100,0,3448.27,1,28.6473,91.3527
1.590000,100,0,3461.09,1,28.7833,91.2167
1.600000,100,0,3473.95,1,28.9194,91.0806
1.610000,100,0,3486.93,1,29.0553,90.9447
1.620000,100,0,3499.98,1,29.1911,90.8089
1.630000,100,0,3513.04,1,29.3269,90.6731
1.640000,100,0,3526.12,1,29.4628,90.5372
1.650000,100,0,3539.19,1,29.5986,90.4014
1.660000,100,0,3552.25,1,29.7344,90.2656
1.670000,100,0,3565.3,1,29.8703,90.1297
1.680000,100,0,3578.34,1,30.0062,89.9938
1.690000,100,0,3591.36,1,30.1421,89.8579
1.700000,100,0,3604.36,1,30.278,89.722
1.710000,100,0,3617.27,1,30.4139,89.5861
1.720000,100,0,3629.98,1,30.5498,89.4502
1.730000,100,0,3642.55,1,30.6856,89.3144
1.740000,100,0,3655.03,1,30.8214,89.1786
1.750000,100,0,3667.44,1,30.9569,89.0431
1.760000,100,0,3679.8,1,31.0923,88.9077
1.770000,100,0,3692.11,1,31.2276,88.7724
1.780000,100,0,3704.38,1,31.3627,88.6373
1.790000,100,0,3716.61,1,31.4976,88.5024
1.800000,100,0,3728.79,1,31.6324,88.3676
1.810000,100,0,3740.94,1,31.7669,88.2331
1.820000,100,0,3753.05,1,31.9014,88.0986
1.830000,100,0,3765.24,1,32.0355,87.9645
1.840000,100,0,3777.92,1,32.1689,87.8311
1.850000,100,0,3790.78,1,32.302,87.698
1.860000,100,0,3803.69,1,32.4347,87.5653
1.870000,100,0,3816.59,1,32.5672,87.4328
1.880000,100,0,3829.48,1,32.6995,87.3005
1.890000,100,0,3842.34,1,32.8317,87.1683
1.900000,100,0,3855.17,1,32.9636,87.0364
1.910000,100,0,3867.96,1,33.0953,86.9047
1.920000,100,0,3880.71,1,33.2269,86.7731
1.930000,100,0,3893.43,1,33.3582,86.6418
1.940000,100,0,3906.12,1,33.4894,86.5106
1.950000,100,0,3918.77,1,33.6204,86.3796
1.960000,100,0,3931.38,1,33.7512,86.2488
1.970000,100,0,3943.96,1,33.8818,86.1182
1.980000,100,0,3956.5,1,34.0122,85.9878
1.990000,100,0,3969.01,1,34.1424,85.8576
2.000000,100,0,3981.49,1,34.2725,85.7275
2.010000,100,0,3993.93,1,34.4024,85.5976
2.020000,100,0,4006.33,1,34.532,85.468
2.030000,100,0,4018.71,1,34.6615,85.3385
2.040000,100,0,4031.06,1,34.7908,85.2092
2.050000,100,0,4043.39,1,34.92,85.08
2.060000,100,0,4055.68,1,35.0489,84.9511
2.070000,100,0,4067.95,1,35.1777,84.8223
2.080000,100,0,4080.18,1,35.3064,84.6936
2.090000,100,0,4092.38,1,35.4348,84.5652
2.100000,100,0,4104.55,1,35.5631,84.4369
2.110000,100,0,4116.69,1,35.6912,84.3088
2.120000,100,0,4128.79,1,35.8191,84.1809
2.130000,100,0,4140.86,1,35.9469,84.0531
2.140000,100,0,4152.91,1,36.0745,83.9255
2.150000,100,0,4164.92,1,36.202,83.798
2.160000,100,0,4176.9,1,36.3292,83.6708
2.170000,100,0,4188.84,1,36.4563,83.5437
2.180000,100,0,4200.76,1,36.5833,83.4167
2.190000,100,0,4212.65,1,36.71,83.29
2.200000,100,0,4224.5,1,36.8366,83.1634
2.210000,100,0,4236.33,1,36.9631,83.0369
2.220000,100,0,4248.12,1,37.0893,82.9107
2.230000,100,0,4259.89,1,37.2154,82.7846
2.240000,100,0,4271.62,1,37.3414,82.6586
2.250000,100,0,4283.32,1,37.4672,82.5328
2.260000,100,0,4294.99,1,37.5928,82.4072
2.270000,100,0,4306.64,1,37.7182,82.2818
2.280000,100,0,4318.25,1,37.8435,82.1565
2.290000,100,0,4329.83,1,37.9686,82.0314
2.300000,100,0,4341.39,1,38.0936,81.9064
2.310000,100,0,4352.91,1,38.2184,81.7816
2.320000,100,0,4364.4,1,38.343,81.657
2.330000,100,0,4375.87,1,38.4675,81.5325
2.340000,100,0,4387.3,1,38.5918,81.4082
2.350000,100,0,4398.71,1,38.7159,81.2841
2.360000,100,0,4410.09,1,38.8399,81.1601
2.370000,100,0,4421.25,1,38.9637,81.0363
2.380000,100,0,4432.25,1,39.0873,80.9127
2.390000,100,0,4443.14,1,39.2107,80.7893
2.400000,100,0,4453.94,1,39.3337,80.6663
2.410000,100,0,4464.67,1,39.4564,80.5436
2.420000,100,0,4475.34,1,39.5789,80.4211
2.430000,100,0,4485.96,1,39.7009,80.2991
2.440000,100,0,4496.52,1,39.8227,80.1773
2.450000,100,0,4507.04,1,39.9442,80.0558
2.460000,100,0,4517.51,1,40.0653,79.9347
2.470000,100,0,4527.93,1,40.1861,79.8139
2.480000,100,0,4538.3,1,40.3066,79.6934
2.490000,100,0,4548.63,1,40.4268,79.5732
2.500000,100,0,4558.91,1,40.5467,79.4533
2.510000,100,0,4569.15,1,40.6662,79.3338
2.520000,100,0,4579.34,1,40.7855,79.2145
2.530000,100,0,4589.49,1,40.9044,79.0956
2.540000,100,0,4599.59,1,41.023,78.977
2.550000,100,0,4609.65,1,41.1413,78.8587
2.560000,100,0,4619.66,1,41.2593,78.7407
2.570000,100,0,4629.63,1,41.377,78.623
2.580000,100,0,4639.56,1,41.4944,78.5056
2.590000,100,0,4649.44,1,41.6115,78.3885
2.600000,100,0,4659.28,1,41.7282,78.2718
2.610000,100,0,4669.08,1,41.8447,78.1553
2.620000,100,0,4678.84,1,41.9609,78.0391
2.630000,100,0,4688.55,1,42.0767,77.9233
2.640000,100,0,4698.22,1,42.1923,77.8077
2.650000,100,0,4707.85,1,42.3076,77.6924
2.660000,100,0,4717.44,1,42.4226,77.5774
2.670000,100,0,4726.99,1,42.5372,77.4628
2.680000,100,0,4736.49,2,42.6516,77.3484
2.690000,100,0,4377.24,2,43.0682,76.9318
2.700000,100,0,4122.38,2,43.3843,76.6157
2.710000,100,0,3931.62,2,43.6373,76.3627
2.720000,100,0,3787.93,2,43.8459,76.1541
2.730000,100,0,3678.07,2,44.0237,75.9763
2.740000,100,0,3592.69,2,44.1797,75.8203
2.750000,100,0,3525.92,2,44.3193,75.6807
2.760000,100,0,3475.07,2,44.4444,75.5556
2.770000,100,0,3436.62,2,44.5589,75.4411
2.780000,100,0,3408.88,2,44.6646,75.3354
2.790000,100,0,3388.69,2,44.7648,75.2352
2.800000,100,0,3375.99,2,44.8604,75.1396
2.810000,100,0,3368.33,2,44.9528,75.0472
2.820000,100,0,3364.04,2,45.0432,74.9568
2.830000,100,0,3362.09,2,45.132,74.868
2.840000,100,0,3362.03,2,45.2197,74.7803
2.850000,100,0,3363.75,2,45.3063,74.6937
2.860000,100,0,3366.58,2,45.3921,74.6079
2.870000,100,0,3370.1,2,45.4775,74.5225
2.880000,100,0,3374.04,2,45.5626,74.4374
2.890000,100,0,3378.26,2,45.6475,74.3525
2.900000,100,0,3382.65,2,45.7323,74.2677
2.910000,100,0,3387.14,2,45.817,74.183
2.920000,100,0,3391.7,2,45.9016,74.0984
2.930000,100,0,3396.31,2,45.9862,74.0138
2.940000,100,0,3400.93,2,46.0708,73.9292
2.950000,100,0,3405.57,2,46.1553,73.8447
2.960000,100,0,3410.22,2,46.2398,73.7602
2.970000,100,0,3414.87,2,46.3243,73.6757
2.980000,100,0,3419.53,2,46.4087,73.5913
2.990000,100,0,3424.23,2,46.4931,73.5069
3.000000,100,0,3429.01,2,46.5775,73.4225
3.010000,100,0,3433.83,2,46.6618,73.3382
3.020000,100,0,3438.67,2,46.7461,73.2539
3.030000,100,0,3443.51,2,46.8304,73.1696
3.040000,100,0,3448.37,2,46.9147,73.0853
3.050000,100,0,3453.23,2,46.999,73.001
3.060000,100,0,3458.08,2,47.0833,72.9167
3.070000,100,0,3462.94,2,47.1675,72.8325
3.080000,100,0,3467.79,2,47.2518,72.7482
3.090000,100,0,3472.64,2,47.336,72.664
3.100000,100,0,3477.49,2,47.4203,72.5797
3.110000,100,0,3482.33,2,47.5046,72.4954
3.120000,100,0,3487.17,2,47.5888,72.4112
3.130000,100,0,3492.01,2,47.673,72.327
3.140000,100,0,3496.84,2,47.7573,72.2427
3.150000,100,0,3501.68,2,47.8415,72.1585
3.160000,100,0,3506.51,2,47.9257,72.0743
3.170000,100,0,3511.33,2,48.01,71.99
3.180000,100,0,3516.15,2,48.0942,71.9058
3.190000,100,0,3520.97,2,48.1784,71.8216
3.200000,100,0,3525.79,2,48.2626,71.7374
3.210000,100,0,3530.6,2,48.3468,71.6532
3.220000,100,0,3535.41,2,48.431,71.569
3.230000,100,0,3540.22,2,48.5152,71.4848
3.240000,100,0,3545.02,2,48.5994,71.4006
3.250000,100,0,3549.83,2,48.6836,71.3164
3.260000,100,0,3554.62,2,48.7677,71.2323
3.270000,100,0,3559.42,2,48.8519,71.1481
3.280000,100,0,3564.26,2,48.9361,71.0639
3.290000,100,0,3569.15,2,49.0202,70.9798
3.300000,100,0,3574.05,2,49.1043,70.8957
3.310000,100,0,3578.97,2,49.1883,70.8117
3.320000,100,0,3583.88,2,49.2724,70.7276
3.330000,100,0,3588.8,2,49.3565,70.6435
3.340000,100,0,3593.72,2,49.4405,70.5595
3.350000,100,0,3598.64,2,49.5245,70.4755
3.360000,100,0,3603.56,2,49.6086,70.3914
3.370000,100,0,3608.41,2,49.6926,70.3074
3.380000,100,0,3613.2,2,49.7766,70.2234
3.390000,100,0,3617.96,2,49.8606,70.1394
3.400000,100,0,3622.69,2,49.9445,70.0555
3.410000,100,0,3627.41,2,50.0284,69.9716
3.420000,100,0,3632.11,2,50.1123,69.8877
3.430000,100,0,3636.81,2,50.1961,69.8039
3.440000,100,0,3641.5,2,50.2798,69.7202
3.450000,100,0,3646.18,2,50.3635,69.6365
3.460000,100,0,3650.86,2,50.4471,69.5529
3.470000,100,0,3655.53,2,50.5307,69.4693
3.480000,100,0,3660.19,2,50.6142,69.3858
3.490000,100,0,3664.85,2,50.6977,69.3023
3.500000,100,0,3669.5,2,50.7812,69.2188
3.510000,100,0,3674.15,2,50.8645,69.1355
3.520000,100,0,3678.79,2,50.9479,69.0521
3.530000,100,0,3683.42,2,51.0311,68.9689
3.540000,100,0,3688.04,2,51.1144,68.8856
3.550000,100,0,3692.66,2,51.1975,68.8025
3.560000,100,0,3697.28,2,51.2807,68.7193
3.570000,100,0,3701.89,2,51.3637,68.6363
3.580000,100,0,3706.49,2,51.4468,68.5532
3.590000,100,0,3711.09,2,51.5297,68.4703
3.600000,100,0,3715.68,2,51.6126,68.3874
3.610000,100,0,3720.26,2,51.6955,68.3045
3.620000,100,0,3724.84,2,51.7783,68.2217
3.630000,100,0,3729.41,2,51.8611,68.1389
3.640000,100,0,3733.98,2,51.9438,68.0562
3.650000,100,0,3738.54,2,52.0265,67.9735
3.660000,100,0,3743.09,2,52.1091,67.8909
3.670000,100,0,3747.64,2,52.1916,67.8084
3.680000,100,0,3752.18,2,52.2742,67.7258
3.690000,100,0,3756.72,2,52.3566,67.6434
3.700000,100,0,3761.25,2,52.439,67.561
3.710000,100,0,3765.77,2,52.5214,67.4786
3.720000,100,0,3770.29,2,52.6037,67.3963
3.730000,100,0,3774.8,2,52.686,67.314
3.740000,100,0,3779.31,2,52.7682,67.2318
3.750000,100,0,3783.81,2,52.8503,67.1497
3.760000,100,0,3788.3,2,52.9324,67.0676
3.770000,100,0,3792.79,2,53.0145,66.9855
3.780000,100,0,3797.28,2,53.0965,66.9035
3.790000,100,0,3801.75,2,53.1784,66.8216
3.800000,100,0,3806.23,2,53.2603,66.7397
3.810000,100,0,3810.69,2,53.3422,66.6578
3.820000,100,0,3815.15,2,53.424,66.576
3.830000,100,0,3819.61,2,53.5058,66.4942
3.840000,100,0,3824.05,2,53.5875,66.4125
3.850000,100,0,3828.5,2,53.6691,66.3309
3.860000,100,0,3832.93,2,53.7507,66.2493
3.870000,100,0,3837.37,2,53.8323,66.1677
3.880000,100,0,3841.93,2,53.9137,66.0863
3.890000,100,0,3846.64,2,53.995,66.005
3.900000,100,0,3851.41,2,54.0761,65.9239
3.910000,100,0,3856.2,2,54.1573,65.8427
3.920000,100,0,3860.99,2,54.2383,65.7617
3.930000,100,0,3865.79,2,54.3193,65.6807
3.940000,100,0,3870.58,2,54.4002,65.5998
3.950000,100,0,3875.37,2,54.4811,65.5189
3.960000,100,0,3880.15,2,54.5619,65.4381
3.970000,100,0,3884.92,2,54.6427,65.3573
3.980000,100,0,3889.69,2,54.7234,65.2766
3.990000,100,0,3894.46,2,54.804,65.196
4.000000,100,0,3899.22,2,54.8846,65.1154
4.010000,100,0,3903.97,2,54.9652,65.0348
4.020000,100,0,3908.72,2,55.0456,64.9544
4.030000,100,0,3913.46,2,55.1261,64.8739
4.040000,100,0,3918.2,2,55.2065,64.7935
4.050000,100,0,3922.93,2,55.2868,64.7132
4.060000,100,0,3927.65,2,55.367,64.633
4.070000,100,0,3932.37,2,55.4472,64.5528
4.080000,100,0,3937.09,2,55.5274,64.4726
4.090000,100,0,3941.8,2,55.6075,64.3925
4.100000,100,0,3946.5,2,55.6875,64.3125
4.110000,100,0,3951.2,2,55.7675,64.2325
4.120000,100,0,3955.89,2,55.8475,64.1525
4.130000,100,0,3960.57,2,55.9273,64.0727
4.140000,100,0,3965.25,2,56.0072,63.9928
4.150000,100,0,3969.93,2,56.0869,63.9131
4.160000,100,0,3974.6,2,56.1666,63.8334
4.170000,100,0,3979.26,2,56.2463,63.7537
4.180000,100,0,3983.92,2,56.3259,63.6741
4.190000,100,0,3988.57,2,56.4055,63.5945
4.200000,100,0,3993.22,2,56.485,63.515
4.210000,100,0,3997.86,2,56.5644,63.4356
4.220000,100,0,4002.5,2,56.6438,63.3562
4.230000,100,0,4007.13,2,56.7231,63.2769
4.240000,100,0,4011.76,2,56.8024,63.1976
4.250000,100,0,4016.39,2,56.8816,63.1184
4.260000,100,0,4021.01,2,56.9608,63.0392
4.270000,100,0,4025.63,2,57.0399,62.9601
4.280000,100,0,4030.25,2,57.119,62.881
4.290000,100,0,4034.86,2,57.198,62.802
4.300000,100,0,4039.46,2,57.277,62.723
4.310000,100,0,4044.06,2,57.3559,62.6441
4.320000,100,0,4048.65,2,57.4348,62.5652
4.330000,100,0,4053.24,2,57.5136,62.4864
4.340000,100,0,4057.82,2,57.5923,62.4077
4.350000,100,0,4062.4,2,57.6711,62.3289
4.360000,100,0,4066.97,2,57.7497,62.2503
4.370000,100,0,4071.54,2,57.8283,62.1717
4.380000,100,0,4076.1,2,57.9069,62.0931
4.390000,100,0,4080.66,2,57.9854,62.0146
4.400000,100,0,4085.21,2,58.0639,61.9361
4.410000,100,0,4089.75,2,58.1423,61.8577
4.420000,100,0,4094.3,2,58.2206,61.7794
4.430000,100,0,4098.83,2,58.2989,61.7011
4.440000,100,0,4103.36,2,58.3772,61.6228
4.450000,100,0,4107.89,2,58.4554,61.5446
4.460000,100,0,4112.41,2,58.5336,61.4664
4.470000,100,0,4116.93,2,58.6117,61.3883
4.480000,100,0,4121.44,2,58.6897,61.3103
4.490000,100,0,4125.94,2,58.7677,61.2323
4.500000,100,0,4130.44,2,58.8457,61.1543
4.510000,100,0,4134.94,2,58.9236,61.0764
4.520000,100,0,4139.43,2,59.0014,60.9986
4.530000,100,0,4143.91,2,59.0792,60.9208
4.540000,100,0,4148.39,2,59.157,60.843
4.550000,100,0,4152.87,2,59.2347,60.7653
4.560000,100,0,4157.34,2,59.3123,60.6877
4.570000,100,0,4161.8,2,59.3899,60.6101
4.580000,100,0,4166.27,2,59.4675,60.5325
4.590000,100,0,4170.72,2,59.545,60.455
4.600000,100,0,4175.17,2,59.6224,60.3776
4.610000,100,0,4179.62,2,59.6998,60.3002
4.620000,100,0,4184.06,2,59.7772,60.2228
4.630000,100,0,4188.49,2,59.8545,60.1455
4.640000,100,0,4192.92,2,59.9317,60.0683
4.650000,100,0,4197.35,2,60.0089,59.9911
4.660000,100,0,4201.77,2,60.0861,59.9139
4.670000,100,0,4206.18,2,60.1632,59.8368
4.680000,100,0,4210.59,2,60.2402,59.7598
4.690000,100,0,4215,2,60.3172,59.6828
4.700000,100,0,4219.4,2,60.3942,59.6058
4.710000,100,0,4223.79,2,60.4711,59.5289
4.720000,100,0,4228.18,2,60.5479,59.4521
4.730000,100,0,4232.57,2,60.6247,59.3753
4.740000,100,0,4236.95,2,60.7015,59.2985
4.750000,100,0,4241.33,2,60.7782,59.2218
4.760000,100,0,4245.7,2,60.8548,59.1452
4.770000,100,0,4250.06,2,60.9314,59.0686
4.780000,100,0,4254.42,2,61.008,58.992
4.790000,100,0,4258.78,2,61.0845,58.9155
4.800000,100,0,4263.13,2,61.161,58.839
4.810000,100,0,4267.48,2,61.2374,58.7626
4.820000,100,0,4271.82,2,61.3137,58.6863
4.830000,100,0,4276.16,2,61.39,58.61
4.840000,100,0,4280.49,2,61.4663,58.5337
4.850000,100,0,4284.82,2,61.5425,58.4575
4.860000,100,0,4289.14,2,61.6187,58.3813
4.870000,100,0,4293.46,2,61.6948,58.3052
4.880000,100,0,4297.77,2,61.7708,58.2292
4.890000,100,0,4302.08,2,61.8468,58.1532
4.900000,100,0,4306.38,2,61.9228,58.0772
4.910000,100,0,4310.68,2,61.9987,58.0013
4.920000,100,0,4314.97,2,62.0746,57.9254
4.930000,100,0,4319.26,2,62.1504,57.8496
4.940000,100,0,4323.55,2,62.2262,57.7738
4.950000,100,0,4327.83,2,62.3019,57.6981
4.960000,100,0,4332.1,2,62.3775,57.6225
4.970000,100,0,4336.37,2,62.4532,57.5468
4.980000,100,0,4340.64,2,62.5287,57.4713
4.990000,100,0,4344.9,2,62.6043,57.3957
5.000000,100,0,4349.15,2,62.6797,57.3203
5.010000,100,0,4353.4,2,62.7552,57.2448
5.020000,100,0,4357.65,2,62.8305,57.1695
5.030000,100,0,4361.89,2,62.9059,57.0941
5.040000,100,0,4366.13,2,62.9811,57.0189
5.050000,100,0,4370.36,2,63.0564,56.9436
5.060000,100,0,4374.59,2,63.1316,56.8684
5.070000,100,0,4378.81,2,63.2067,56.7933
5.080000,100,0,4383.03,2,63.2818,56.7182
5.090000,100,0,4387.24,2,63.3568,56.6432
5.100000,100,0,4391.45,2,63.4318,56.5682
5.110000,100,0,4395.65,2,63.5067,56.4933
5.120000,100,0,4399.85,2,63.5816,56.4184
5.130000,100,0,4404.05,2,63.6565,56.3435
5.140000,100,0,4408.17,2,63.7313,56.2687
5.150000,100,0,4412.23,2,63.806,56.194
5.160000,100,0,4416.27,2,63.8807,56.1193
5.170000,100,0,4420.28,2,63.9552,56.0448
5.180000,100,0,4424.28,2,64.0297,55.9703
5.190000,100,0,4428.27,2,64.1041,55.8959
5.200000,100,0,4432.24,2,64.1784,55.8216
5.210000,100,0,4436.21,2,64.2527,55.7473
5.220000,100,0,4440.17,2,64.3268,55.6732
5.230000,100,0,4444.12,2,64.4009,55.5991
5.240000,100,0,4448.07,2,64.4748,55.5252
5.250000,100,0,4452.01,2,64.5487,55.4513
5.260000,100,0,4455.94,2,64.6225,55.3775
5.270000,100,0,4459.86,2,64.6962,55.3038
5.280000,100,0,4463.77,2,64.7698,55.2302
5.290000,100,0,4467.68,2,64.8433,55.1567
5.300000,100,0,4471.58,2,64.9168,55.0832
5.310000,100,0,4475.48,2,64.9901,55.0099
5.320000,100,0,4479.36,2,65.0634,54.9366
5.330000,100,0,4483.24,2,65.1366,54.8634
5.340000,100,0,4487.12,2,65.2097,54.7903
5.350000,100,0,4490.98,2,65.2827,54.7173
5.360000,100,0,4494.84,2,65.3556,54.6444
5.370000,100,0,4498.69,2,65.4284,54.5716
5.380000,100,0,4502.53,2,65.5012,54.4988
5.390000,100,0,4506.37,2,65.5738,54.4262
5.400000,100,0,4510.2,2,65.6464,54.3536
5.410000,100,0,4514.02,2,65.7189,54.2811
5.420000,100,0,4517.84,2,65.7913,54.2087
5.430000,100,0,4521.65,2,65.8636,54.1364
5.440000,100,0,4525.45,2,65.9359,54.0641
5.450000,100,0,4529.24,2,66.008,53.992
5.460000,100,0,4533.03,2,66.0801,53.9199
5.470000,100,0,4536.81,2,66.1521,53.8479
5.480000,100,0,4540.59,2,66.224,53.776
5.490000,100,0,4544.35,2,66.2958,53.7042
5.500000,100,0,4548.12,2,66.3675,53.6325
5.510000,100,0,4551.87,2,66.4391,53.5609
5.520000,100,0,4555.62,2,66.5107,53.4893
5.530000,100,0,4559.36,2,66.5822,53.4178
5.540000,100,0,4563.09,2,66.6536,53.3464
5.550000,100,0,4566.81,2,66.7249,53.2751
5.560000,100,0,4570.53,2,66.7961,53.2039
5.570000,100,0,4574.25,2,66.8672,53.1328
5.580000,100,0,4577.95,2,66.9383,53.0617
5.590000,100,0,4581.65,2,67.0092,52.9908
5.600000,100,0,4585.34,2,67.0801,52.9199
5.610000,100,0,4589.03,2,67.1509,52.8491
5.620000,100,0,4592.71,2,67.2217,52.7783
5.630000,100,0,4596.38,2,67.2923,52.7077
5.640000,100,0,4600.05,2,67.3629,52.6371
5.650000,100,0,4603.71,2,67.4333,52.5667
5.660000,100,0,4607.36,2,67.5037,52.4963
5.670000,100,0,4611,2,67.574,52.426
5.680000,100,0,4614.64,2,67.6443,52.3557
5.690000,100,0,4618.28,2,67.7144,52.2856
5.700000,100,0,4621.9,2,67.7845,52.2155
5.710000,100,0,4625.52,2,67.8545,52.1455
5.720000,100,0,4629.13,2,67.9244,52.0756
5.730000,100,0,4632.74,2,67.9942,52.0058
5.740000,100,0,4636.34,2,68.0639,51.9361
5.750000,100,0,4639.93,2,68.1336,51.8664
5.760000,100,0,4643.52,2,68.2032,51.7968
5.770000,100,0,4647.1,2,68.2727,51.7273
5.780000,100,0,4650.68,2,68.3421,51.6579
5.790000,100,0,4654.24,2,68.4114,51.5886
5.800000,100,0,4657.8,2,68.4807,51.5193
5.810000,100,0,4661.36,2,68.5498,51.4502
5.820000,100,0,4664.91,2,68.6189,51.3811
5.830000,100,0,4668.45,2,68.6879,51.3121
5.840000,100,0,4671.99,2,68.7569,51.2431
5.850000,100,0,4675.51,2,68.8257,51.1743
5.860000,100,0,4679.04,2,68.8945,51.1055
5.870000,100,0,4682.55,2,68.9632,51.0368
5.880000,100,0,4686.06,2,69.0318,50.9682
5.890000,100,0,4689.57,2,69.1003,50.8997
5.900000,100,0,4693.07,2,69.1688,50.8312
5.910000,100,0,4696.56,2,69.2372,50.7628
5.920000,100,0,4700.04,2,69.3055,50.6945
5.930000,100,0,4703.52,2,69.3737,50.6263
5.940000,100,0,4706.99,2,69.4418,50.5582
5.950000,100,0,4710.46,2,69.5099,50.4901
5.960000,100,0,4713.92,2,69.5779,50.4221
5.970000,100,0,4717.38,2,69.6458,50.3542
5.980000,100,0,4720.82,2,69.7136,50.2864
5.990000,100,0,4724.27,2,69.7813,50.2187
6.000000,100,0,4727.7,2,69.849,50.151
6.010000,100,0,4731.13,2,69.9166,50.0834
6.020000,100,0,4734.55,2,69.9841,50.0159
6.030000,100,0,4737.97,2,70.0515,49.9485
6.040000,100,0,4741.38,2,70.1189,49.8811
6.050000,100,0,4744.79,2,70.1862,49.8138
6.060000,100,0,4748.19,2,70.2534,49.7466
6.070000,100,0,4751.58,2,70.3205,49.6795
6.080000,100,0,4754.97,2,70.3875,49.6125
6.090000,100,0,4758.35,2,70.4545,49.5455
6.100000,100,0,4761.72,2,70.5214,49.4786
6.110000,100,0,4765.09,2,70.5882,49.4118
6.120000,100,0,4768.46,2,70.655,49.345
6.130000,100,0,4771.81,2,70.7216,49.2784
6.140000,100,0,4775.16,2,70.7882,49.2118
6.150000,100,0,4778.51,2,70.8547,49.1453
6.160000,100,0,4781.85,2,70.9211,49.0789
6.170000,100,0,4785.18,2,70.9875,49.0125
6.180000,100,0,4788.51,2,71.0538,48.9462
6.190000,100,0,4791.83,2,71.12,48.88
6.200000,100,0,4795.15,2,71.1861,48.8139
6.210000,100,0,4798.46,2,71.2522,48.7478
6.220000,100,0,4801.76,2,71.3182,48.6818
6.230000,100,0,4805.06,2,71.3841,48.6159
6.240000,100,0,4808.35,2,71.4499,48.5501
6.250000,100,0,4811.64,3,71.5156,48.4844
6.260000,100,0,4473.17,3,71.7591,48.2409
6.270000,100,0,4232.94,3,71.9422,48.0578
6.280000,100,0,4055.35,3,72.0869,47.9131
6.290000,100,0,3919.83,3,72.2062,47.7938
6.300000,100,0,3820.69,3,72.3045,47.6955
6.310000,100,0,3750.49,3,72.3881,47.6119
6.320000,100,0,3704.22,3,72.4617,47.5383
6.330000,100,0,3675.33,3,72.5282,47.4718
6.340000,100,0,3659.32,3,72.5893,47.4107
6.350000,100,0,3651.12,3,72.6474,47.3526
6.360000,100,0,3647.19,3,72.7037,47.2963
6.370000,100,0,3646.01,3,72.7589,47.2411
6.380000,100,0,3646.3,3,72.8135,47.1865
6.390000,100,0,3647.38,3,72.8677,47.1323
6.400000,100,0,3648.91,3,72.9217,47.0783
6.410000,100,0,3650.68,3,72.9757,47.0243
6.420000,100,0,3652.59,3,73.0295,46.9705
6.430000,100,0,3654.57,3,73.0833,46.9167
6.440000,100,0,3656.59,3,73.137,46.863
6.450000,100,0,3658.63,3,73.1908,46.8092
6.460000,100,0,3660.68,3,73.2445,46.7555
6.470000,100,0,3662.75,3,73.2981,46.7019
6.480000,100,0,3664.81,3,73.3518,46.6482
6.490000,100,0,3666.87,3,73.4054,46.5946
6.500000,100,0,3668.94,3,73.459,46.541
6.510000,100,0,3671,3,73.5125,46.4875
6.520000,100,0,3673.07,3,73.5661,46.4339
6.530000,100,0,3675.13,3,73.6196,46.3804
6.540000,100,0,3677.19,3,73.6731,46.3269
6.550000,100,0,3679.25,3,73.7266,46.2734
6.560000,100,0,3681.3,3,73.7801,46.2199
6.570000,100,0,3683.36,3,73.8335,46.1665
6.580000,100,0,3685.41,3,73.8869,46.1131
6.590000,100,0,3687.47,3,73.9403,46.0597
6.600000,100,0,3689.52,3,73.9937,46.0063
6.610000,100,0,3691.57,3,74.047,45.953
6.620000,100,0,3693.61,3,74.1003,45.8997
6.630000,100,0,3695.66,3,74.1537,45.8463
6.640000,100,0,3697.71,3,74.2069,45.7931
6.650000,100,0,3699.75,3,74.2602,45.7398
6.660000,100,0,3701.79,3,74.3134,45.6866
6.670000,100,0,3703.83,3,74.3666,45.6334
6.680000,100,0,3705.87,3,74.4198,45.5802
6.690000,100,0,3707.91,3,74.473,45.527
6.700000,100,0,3709.95,3,74.5261,45.4739
6.710000,100,0,3711.98,3,74.5793,45.4207
6.720000,100,0,3714.01,3,74.6324,45.3676
6.730000,100,0,3716.05,3,74.6854,45.3146
6.740000,100,0,3718.08,3,74.7385,45.2615
6.750000,100,0,3720.11,3,74.7915,45.2085
6.760000,100,0,3722.13,3,74.8445,45.1555
6.770000,100,0,3724.16,3,74.8975,45.1025
6.780000,100,0,3726.18,3,74.9505,45.0495
6.790000,100,0,3728.21,3,75.0034,44.9966
6.800000,100,0,3730.23,3,75.0564,44.9436
6.810000,100,0,3732.25,3,75.1093,44.8907
6.820000,100,0,3734.27,3,75.1621,44.8379
6.830000,100,0,3736.28,3,75.215,44.785
6.840000,100,0,3738.3,3,75.2678,44.7322
6.850000,100,0,3740.31,3,75.3206,44.6794
6.860000,100,0,3742.33,3,75.3734,44.6266
6.870000,100,0,3744.34,3,75.4262,44.5738
6.880000,100,0,3746.35,3,75.4789,44.5211
6.890000,100,0,3748.36,3,75.5317,44.4683
6.900000,100,0,3750.36,3,75.5844,44.4156
6.910000,100,0,3752.37,3,75.637,44.363
6.920000,100,0,3754.37,3,75.6897,44.3103
6.930000,100,0,3756.37,3,75.7423,44.2577
6.940000,100,0,3758.37,3,75.7949,44.2051
6.950000,100,0,3760.37,3,75.8475,44.1525
6.960000,100,0,3762.37,3,75.9001,44.0999
6.970000,100,0,3764.37,3,75.9526,44.0474
6.980000,100,0,3766.36,3,76.0052,43.9948
6.990000,100,0,3768.36,3,76.0577,43.9423
7.000000,100,0,3770.35,3,76.1101,43.8899
7.010000,100,0,3772.34,3,76.1626,43.8374
7.020000,100,0,3774.33,3,76.215,43.785
7.030000,100,0,3776.32,3,76.2674,43.7326
7.040000,100,0,3778.3,3,76.3198,43.6802
7.050000,100,0,3780.29,3,76.3722,43.6278
7.060000,100,0,3782.27,3,76.4245,43.5755
7.070000,100,0,3784.26,3,76.4769,43.5231
7.080000,100,0,3786.24,3,76.5292,43.4708
7.090000,100,0,3788.22,3,76.5814,43.4186
7.100000,100,0,3790.19,3,76.6337,43.3663
7.110000,100,0,3792.17,3,76.6859,43.3141
7.120000,100,0,3794.15,3,76.7381,43.2619
7.130000,100,0,3796.12,3,76.7903,43.2097
7.140000,100,0,3798.09,3,76.8425,43.1575
7.150000,100,0,3800.06,3,76.8947,43.1053
7.160000,100,0,3802.03,3,76.9468,43.0532
7.170000,100,0,3804,3,76.9989,43.0011
7.180000,100,0,3805.97,3,77.051,42.949
7.190000,100,0,3807.93,3,77.103,42.897
7.200000,100,0,3809.89,3,77.155,42.845
7.210000,100,0,3811.86,3,77.2071,42.7929
7.220000,100,0,3813.82,3,77.2591,42.7409
7.230000,100,0,3815.78,3,77.311,42.689
7.240000,100,0,3817.73,3,77.363,42.637
7.250000,100,0,3819.69,3,77.4149,42.5851
7.260000,100,0,3821.65,3,77.4668,42.5332
7.270000,100,0,3823.6,3,77.5187,42.4813
7.280000,100,0,3825.55,3,77.5705,42.4295
7.290000,100,0,3827.5,3,77.6224,42.3776
7.300000,100,0,3829.45,3,77.6742,42.3258
7.310000,100,0,3831.4,3,77.726,42.274
7.320000,100,0,3833.35,3,77.7778,42.2222
7.330000,100,0,3835.29,3,77.8295,42.1705
7.340000,100,0,3837.24,3,77.8812,42.1188
7.350000,100,0,3839.18,3,77.9329,42.0671
7.360000,100,0,3841.12,3,77.9846,42.0154
7.370000,100,0,3843.06,3,78.0363,41.9637
7.380000,100,0,3845,3,78.0879,41.9121
7.390000,100,0,3846.93,3,78.1395,41.8605
7.400000,100,0,3848.87,3,78.1911,41.8089
7.410000,100,0,3850.8,3,78.2427,41.7573
7.420000,100,0,3852.74,3,78.2943,41.7057
7.430000,100,0,3854.67,3,78.3458,41.6542
7.440000,100,0,3856.6,3,78.3973,41.6027
7.450000,100,0,3858.53,3,78.4488,41.5512
7.460000,100,0,3860.45,3,78.5003,41.4997
7.470000,100,0,3862.38,3,78.5517,41.4483
7.480000,100,0,3864.33,3,78.6031,41.3969
7.490000,100,0,3866.37,3,78.6545,41.3455
7.500000,100,0,3868.44,3,78.7058,41.2942
7.510000,100,0,3870.52,3,78.7571,41.2429
7.520000,100,0,3872.62,3,78.8083,41.1917
7.530000,100,0,3874.71,3,78.8595,41.1405
7.540000,100,0,3876.8,3,78.9107,41.0893
7.550000,100,0,3878.9,3,78.9619,41.0381
7.560000,100,0,3880.99,3,79.0131,40.9869
7.570000,100,0,3883.08,3,79.0642,40.9358
7.580000,100,0,3885.17,3,79.1153,40.8847
7.590000,100,0,3887.26,3,79.1664,40.8336
7.600000,100,0,3889.35,3,79.2175,40.7825
7.610000,100,0,3891.43,3,79.2685,40.7315
7.620000,100,0,3893.51,3,79.3195,40.6805
7.630000,100,0,3895.6,3,79.3705,40.6295
7.640000,100,0,3897.68,3,79.4215,40.5785
7.650000,100,0,3899.76,3,79.4725,40.5275
7.660000,100,0,3901.83,3,79.5234,40.4766
7.670000,100,0,3903.91,3,79.5743,40.4257
7.680000,100,0,3905.99,3,79.6251,40.3749
7.690000,100,0,3908.06,3,79.676,40.324
7.700000,100,0,3910.13,3,79.7268,40.2732
7.710000,100,0,3912.2,3,79.7776,40.2224
7.720000,100,0,3914.27,3,79.8284,40.1716
7.730000,100,0,3916.34,3,79.8792,40.1208
7.740000,100,0,3918.41,3,79.9299,40.0701
7.750000,100,0,3920.47,3,79.9806,40.0194
7.760000,100,0,3922.54,3,80.0313,39.9687
7.770000,100,0,3924.6,3,80.082,39.918
7.780000,100,0,3926.66,3,80.1326,39.8674
7.790000,100,0,3928.72,3,80.1832,39.8168
7.800000,100,0,3930.78,3,80.2338,39.7662
7.810000,100,0,3932.84,3,80.2844,39.7156
7.820000,100,0,3934.89,3,80.3349,39.6651
7.830000,100,0,3936.95,3,80.3855,39.6145
7.840000,100,0,3939,3,80.436,39.564
7.850000,100,0,3941.05,3,80.4864,39.5136
7.860000,100,0,3943.1,3,80.5369,39.4631
7.870000,100,0,3945.15,3,80.5873,39.4127
7.880000,100,0,3947.19,3,80.6377,39.3623
7.890000,100,0,3949.24,3,80.6881,39.3119
7.900000,100,0,3951.28,3,80.7385,39.2615
7.910000,100,0,3953.33,3,80.7888,39.2112
7.920000,100,0,3955.37,3,80.8391,39.1609
7.930000,100,0,3957.41,3,80.8894,39.1106
7.940000,100,0,3959.45,3,80.9397,39.0603
7.950000,100,0,3961.48,3,80.9899,39.0101
7.960000,100,0,3963.52,3,81.0401,38.9599
7.970000,100,0,3965.56,3,81.0903,38.9097
7.980000,100,0,3967.59,3,81.1405,38.8595
7.990000,100,0,3969.62,3,81.1907,38.8093
8.000000,100,0,3971.65,3,81.2408,38.7592
8.010000,100,0,3973.68,3,81.2909,38.7091
8.020000,100,0,3975.71,3,81.341,38.659
8.030000,100,0,3977.73,3,81.391,38.609
8.040000,100,0,3979.76,3,81.4411,38.5589
8.050000,100,0,3981.78,3,81.4911,38.5089
8.060000,100,0,3983.8,3,81.5411,38.4589
8.070000,100,0,3985.82,3,81.591,38.409
8.080000,100,0,3987.84,3,81.641,38.359
8.090000,100,0,3989.86,3,81.6909,38.3091
8.100000,100,0,3991.88,3,81.7408,38.2592
8.110000,100,0,3993.89,3,81.7906,38.2094
8.120000,100,0,3995.91,3,81.8405,38.1595
8.130000,100,0,3997.92,3,81.8903,38.1097
8.140000,100,0,3999.93,3,81.9401,38.0599
8.150000,100,0,4001.94,3,81.9899,38.0101
8.160000,100,0,4003.95,3,82.0397,37.9603
8.170000,100,0,4005.96,3,82.0894,37.9106
8.180000,100,0,4007.97,3,82.1391,37.8609
8.190000,100,0,4009.98,3,82.1888,37.8112
8.200000,100,0,4011.99,3,82.2385,37.7615
8.210000,100,0,4013.99,3,82.2881,37.7119
8.220000,100,0,4016,3,82.3377,37.6623
8.230000,100,0,4018,3,82.3873,37.6127
8.240000,100,0,4020,3,82.4369,37.5631
8.250000,100,0,4022,3,82.4864,37.5136
8.260000,100,0,4024,3,82.536,37.464
8.270000,100,0,4026,3,82.5855,37.4145
8.280000,100,0,4028,3,82.635,37.365
8.290000,100,0,4029.99,3,82.6844,37.3156
8.300000,100,0,4031.99,3,82.7339,37.2661
8.310000,100,0,4033.98,3,82.7833,37.2167
8.320000,100,0,4035.97,3,82.8327,37.1673
8.330000,100,0,4037.96,3,82.8821,37.1179
8.340000,100,0,4039.95,3,82.9314,37.0686
8.350000,100,0,4041.94,3,82.9808,37.0192
8.360000,100,0,4043.92,3,83.0301,36.9699
8.370000,100,0,4045.91,3,83.0794,36.9206
8.380000,100,0,4047.89,3,83.1286,36.8714
8.390000,100,0,4049.87,3,83.1779,36.8221
8.400000,100,0,4051.86,3,83.2271,36.7729
8.410000,100,0,4053.83,3,83.2763,36.7237
8.420000,100,0,4055.81,3,83.3255,36.6745
8.430000,100,0,4057.79,3,83.3746,36.6254
8.440000,100,0,4059.77,3,83.4238,36.5762
8.450000,100,0,4061.74,3,83.4729,36.5271
8.460000,100,0,4063.71,3,83.522,36.478
8.470000,100,0,4065.69,3,83.571,36.429
8.480000,100,0,4067.66,3,83.6201,36.3799
8.490000,100,0,4069.63,3,83.6691,36.3309
8.500000,100,0,4071.59,3,83.7181,36.2819
8.510000,100,0,4073.56,3,83.7671,36.2329
8.520000,100,0,4075.53,3,83.8161,36.1839
8.530000,100,0,4077.49,3,83.865,36.135
8.540000,100,0,4079.45,3,83.9139,36.0861
8.550000,100,0,4081.41,3,83.9628,36.0372
8.560000,100,0,4083.38,3,84.0117,35.9883
8.570000,100,0,4085.33,3,84.0605,35.9395
8.580000,100,0,4087.29,3,84.1093,35.8907
8.590000,100,0,4089.25,3,84.1581,35.8419
8.600000,100,0,4091.2,3,84.2069,35.7931
8.610000,100,0,4093.16,3,84.2557,35.7443
8.620000,100,0,4095.11,3,84.3044,35.6956
8.630000,100,0,4097.06,3,84.3531,35.6469
8.640000,100,0,4099.01,3,84.4018,35.5982
8.650000,100,0,4100.96,3,84.4505,35.5495
8.660000,100,0,4102.91,3,84.4992,35.5008
8.670000,100,0,4104.85,3,84.5478,35.4522
8.680000,100,0,4106.8,3,84.5964,35.4036
8.690000,100,0,4108.74,3,84.645,35.355
8.700000,100,0,4110.68,3,84.6935,35.3065
8.710000,100,0,4112.63,3,84.7421,35.2579
8.720000,100,0,4114.57,3,84.7906,35.2094
8.730000,100,0,4116.5,3,84.8391,35.1609
8.740000,100,0,4118.44,3,84.8876,35.1124
8.750000,100,0,4120.38,3,84.936,35.064
8.760000,100,0,4122.31,3,84.9845,35.0155
8.770000,100,0,4124.25,3,85.0329,34.9671
8.780000,100,0,4126.18,3,85.0813,34.9187
8.790000,100,0,4128.11,3,85.1296,34.8704
8.800000,100,0,4130.04,3,85.178,34.822
8.810000,100,0,4131.97,3,85.2263,34.7737
8.820000,100,0,4133.89,3,85.2746,34.7254
8.830000,100,0,4135.82,3,85.3229,34.6771
8.840000,100,0,4137.74,3,85.3711,34.6289
8.850000,100,0,4139.67,3,85.4194,34.5806
8.860000,100,0,4141.59,3,85.4676,34.5324
8.870000,100,0,4143.51,3,85.5158,34.4842
8.880000,100,0,4145.43,3,85.5639,34.4361
8.890000,100,0,4147.35,3,85.6121,34.3879
8.900000,100,0,4149.26,3,85.6602,34.3398
8.910000,100,0,4151.18,3,85.7083,34.2917
8.920000,100,0,4153.09,3,85.7564,34.2436
8.930000,100,0,4155.01,3,85.8045,34.1955
8.940000,100,0,4156.92,3,85.8525,34.1475
8.950000,100,0,4158.83,3,85.9005,34.0995
8.960000,100,0,4160.74,3,85.9485,34.0515
8.970000,100,0,4162.65,3,85.9965,34.0035
8.980000,100,0,4164.56,3,86.0444,33.9556
8.990000,100,0,4166.46,3,86.0924,33.9076
9.000000,100,0,4168.37,3,86.1403,33.8597
9.010000,100,0,4170.27,3,86.1882,33.8118
9.020000,100,0,4172.17,3,86.236,33.764
9.030000,100,0,4174.07,3,86.2839,33.7161
9.040000,100,0,4175.97,3,86.3317,33.6683
9.050000,100,0,4177.87,3,86.3795,33.6205
9.060000,100,0,4179.77,3,86.4273,33.5727
9.070000,100,0,4181.66,3,86.475,33.525
9.080000,100,0,4183.56,3,86.5228,33.4772
9.090000,100,0,4185.45,3,86.5705,33.4295
9.100000,100,0,4187.34,3,86.6182,33.3818
9.110000,100,0,4189.23,3,86.6659,33.3341
9.120000,100,0,4191.12,3,86.7135,33.2865
9.130000,100,0,4193.01,3,86.7611,33.2389
9.140000,100,0,4194.9,3,86.8087,33.1913
9.150000,100,0,4196.78,3,86.8563,33.1437
9.160000,100,0,4198.67,3,86.9039,33.0961
9.170000,100,0,4200.55,3,86.9514,33.0486
9.180000,100,0,4202.43,3,86.999,33.001
9.190000,100,0,4204.31,3,87.0465,32.9535
9.200000,100,0,4206.19,3,87.0939,32.9061
9.210000,100,0,4208.07,3,87.1414,32.8586
9.220000,100,0,4209.95,3,87.1888,32.8112
9.230000,100,0,4211.82,3,87.2362,32.7638
9.240000,100,0,4213.7,3,87.2836,32.7164
9.250000,100,0,4215.57,3,87.331,32.669
9.260000,100,0,4217.45,3,87.3783,32.6217
9.270000,100,0,4219.32,3,87.4257,32.5743
9.280000,100,0,4221.19,3,87.473,32.527
9.290000,100,0,4223.05,3,87.5203,32.4797
9.300000,100,0,4224.92,3,87.5675,32.4325
9.310000,100,0,4226.79,3,87.6148,32.3852
9.320000,100,0,4228.65,3,87.662,32.338
9.330000,100,0,4230.52,3,87.7092,32.2908
9.340000,100,0,4232.38,3,87.7564,32.2436
9.350000,100,0,4234.24,3,87.8035,32.1965
9.360000,100,0,4236.1,3,87.8506,32.1494
9.370000,100,0,4237.96,3,87.8978,32.1022
9.380000,100,0,4239.82,3,87.9448,32.0552
9.390000,100,0,4241.67,3,87.9919,32.0081
9.400000,100,0,4243.53,3,88.039,31.961
9.410000,100,0,4245.38,3,88.086,31.914
9.420000,100,0,4247.24,3,88.133,31.867
9.430000,100,0,4249.09,3,88.18,31.82
9.440000,100,0,4250.94,3,88.2269,31.7731
9.450000,100,0,4252.79,3,88.2739,31.7261
9.460000,100,0,4254.63,3,88.3208,31.6792
9.470000,100,0,4256.48,3,88.3677,31.6323
9.480000,100,0,4258.33,3,88.4146,31.5854
9.490000,100,0,4260.17,3,88.4614,31.5386
9.500000,100,0,4262.01,3,88.5083,31.4917
9.510000,100,0,4263.86,3,88.5551,31.4449
9.520000,100,0,4265.7,3,88.6019,31.3981
9.530000,100,0,4267.54,3,88.6486,31.3514
9.540000,100,0,4269.37,3,88.6954,31.3046
9.550000,100,0,4271.21,3,88.7421,31.2579
9.560000,100,0,4273.05,3,88.7888,31.2112
9.570000,100,0,4274.88,3,88.8355,31.1645
9.580000,100,0,4276.71,3,88.8822,31.1178
9.590000,100,0,4278.55,3,88.9288,31.0712
9.600000,100,0,4280.38,3,88.9754,31.0246
9.610000,100,0,4282.21,3,89.022,30.978
9.620000,100,0,4284.04,3,89.0686,30.9314
9.630000,100,0,4285.86,3,89.1152,30.8848
9.640000,100,0,4287.69,3,89.1617,30.8383
9.650000,100,0,4289.52,3,89.2082,30.7918
9.660000,100,0,4291.34,3,89.2547,30.7453
9.670000,100,0,4293.16,3,89.3012,30.6988
9.680000,100,0,4294.98,3,89.3476,30.6524
9.690000,100,0,4296.8,3,89.3941,30.6059
9.700000,100,0,4298.62,3,89.4405,30.5595
9.710000,100,0,4300.44,3,89.4869,30.5131
9.720000,100,0,4302.26,3,89.5332,30.4668
9.730000,100,0,4304.07,3,89.5796,30.4204
9.740000,100,0,4305.89,3,89.6259,30.3741
9.750000,100,0,4307.7,3,89.6722,30.3278
9.760000,100,0,4309.51,3,89.7185,30.2815
9.770000,100,0,4311.32,3,89.7647,30.2353
9.780000,100,0,4313.13,3,89.811,30.189
9.790000,100,0,4314.94,3,89.8572,30.1428
9.800000,100,0,4316.75,3,89.9034,30.0966
9.810000,100,0,4318.55,3,89.9496,30.0504
9.820000,100,0,4320.36,3,89.9957,30.0043
9.830000,100,0,4322.16,3,90.0418,29.9582
9.840000,100,0,4323.97,3,90.088,29.912
9.850000,100,0,4325.77,3,90.1341,29.8659
9.860000,100,0,4327.57,3,90.1801,29.8199
9.870000,100,0,4329.37,3,90.2262,29.7738
9.880000,100,0,4331.16,3,90.2722,29.7278
9.890000,100,0,4332.96,3,90.3182,29.6818
9.900000,100,0,4334.76,3,90.3642,29.6358
9.910000,100,0,4336.55,3,90.4102,29.5898
9.920000,100,0,4338.34,3,90.4561,29.5439
9.930000,100,0,4340.14,3,90.502,29.498
9.940000,100,0,4341.93,3,90.5479,29.4521
9.950000,100,0,4343.72,3,90.5938,29.4062
9.960000,100,0,4345.5,3,90.6397,29.3603
9.970000,100,0,4347.29,3,90.6855,29.3145
9.980000,100,0,4349.08,3,90.7313,29.2687
9.990000,100,0,4350.86,3,90.7771,29.2229
10.000000,100,0,4352.65,3,90.8229,29.1771
10.010000,100,0,4354.43,3,90.8686,29.1314
10.020000,100,0,4356.21,3,90.9144,29.0856
10.030000,100,0,4357.99,3,90.9601,29.0399
10.040000,100,0,4359.77,3,91.0058,28.9942
10.050000,100,0,4361.55,3,91.0515,28.9485
10.060000,100,0,4363.33,3,91.0971,28.9029
10.070000,100,0,4365.1,3,91.1427,28.8573
10.080000,100,0,4366.88,3,91.1883,28.8117
10.090000,100,0,4368.65,3,91.2339,28.7661
10.100000,100,0,4370.42,3,91.2795,28.7205
10.110000,100,0,4372.19,3,91.325,28.675
10.120000,100,0,4373.96,3,91.3706,28.6294
10.130000,100,0,4375.73,3,91.4161,28.5839
10.140000,100,0,4377.5,3,91.4615,28.5385
10.150000,100,0,4379.26,3,91.507,28.493
10.160000,100,0,4381.03,3,91.5524,28.4476
10.170000,100,0,4382.79,3,91.5979,28.4021
10.180000,100,0,4384.56,3,91.6433,28.3567
10.190000,100,0,4386.32,3,91.6886,28.3114
10.200000,100,0,4388.08,3,91.734,28.266
10.210000,100,0,4389.84,3,91.7793,28.2207
10.220000,100,0,4391.6,3,91.8246,28.1754
10.230000,100,0,4393.35,3,91.8699,28.1301
10.240000,100,0,4395.11,3,91.9152,28.0848
10.250000,100,0,4396.87,3,91.9605,28.0395
10.260000,100,0,4398.62,3,92.0057,27.9943
10.270000,100,0,4400.37,3,92.0509,27.9491
10.280000,100,0,4402.12,3,92.0961,27.9039
10.290000,100,0,4403.83,3,92.1413,27.8587
10.300000,100,0,4405.53,3,92.1864,27.8136
10.310000,100,0,4407.22,3,92.2315,27.7685
10.320000,100,0,4408.89,3,92.2766,27.7234
10.330000,100,0,4410.57,3,92.3216,27.6784
10.340000,100,0,4412.24,3,92.3667,27.6333
10.350000,100,0,4413.91,3,92.4116,27.5884
10.360000,100,0,4415.58,3,92.4566,27.5434
10.370000,100,0,4417.24,3,92.5015,27.4985
10.380000,100,0,4418.9,3,92.5464,27.4536
10.390000,100,0,4420.57,3,92.5913,27.4087
10.400000,100,0,4422.23,3,92.6361,27.3639
10.410000,100,0,4423.88,3,92.6809,27.3191
10.420000,100,0,4425.54,3,92.7256,27.2744
10.430000,100,0,4427.19,3,92.7704,27.2296
10.440000,100,0,4428.85,3,92.815,27.185
10.450000,100,0,4430.5,3,92.8597,27.1403
10.460000,100,0,4432.15,3,92.9043,27.0957
10.470000,100,0,4433.79,3,92.9489,27.0511
10.480000,100,0,4435.44,3,92.9935,27.0065
10.490000,100,0,4437.09,3,93.038,26.962
10.500000,100,0,4438.73,3,93.0825,26.9175
10.510000,100,0,4440.37,3,93.127,26.873
10.520000,100,0,4442.01,3,93.1714,26.8286
10.530000,100,0,4443.65,3,93.2158,26.7842
10.540000,100,0,4445.28,3,93.2602,26.7398
10.550000,100,0,4446.92,3,93.3045,26.6955
10.560000,100,0,4448.55,3,93.3488,26.6512
10.570000,100,0,4450.18,3,93.3931,26.6069
10.580000,100,0,4451.81,3,93.4373,26.5627
10.590000,100,0,4453.44,3,93.4815,26.5185
10.600000,100,0,4455.07,3,93.5257,26.4743
10.610000,100,0,4456.69,3,93.5698,26.4302
10.620000,100,0,4458.31,3,93.614,26.386
10.630000,100,0,4459.94,3,93.658,26.342
10.640000,100,0,4461.56,3,93.7021,26.2979
10.650000,100,0,4463.17,3,93.7461,26.2539
10.660000,100,0,4464.79,3,93.7901,26.2099
10.670000,100,0,4466.41,3,93.834,26.166
10.680000,100,0,4468.02,3,93.8779,26.1221
10.690000,100,0,4469.63,3,93.9218,26.0782
10.700000,100,0,4471.24,3,93.9657,26.0343
10.710000,100,0,4472.85,3,94.0095,25.9905
10.720000,100,0,4474.46,3,94.0533,25.9467
10.730000,100,0,4476.06,3,94.0971,25.9029
10.740000,100,0,4477.67,3,94.1408,25.8592
10.750000,100,0,4479.27,3,94.1845,25.8155
10.760000,100,0,4480.87,3,94.2282,25.7718
10.770000,100,0,4482.47,3,94.2718,25.7282
10.780000,100,0,4484.07,3,94.3154,25.6846
10.790000,100,0,4485.66,3,94.359,25.641
10.800000,100,0,4487.26,3,94.4025,25.5975
10.810000,100,0,4488.85,3,94.446,25.554
10.820000,100,0,4490.44,3,94.4895,25.5105
10.830000,100,0,4492.03,3,94.5329,25.4671
10.840000,100,0,4493.62,3,94.5763,25.4237
10.850000,100,0,4495.21,3,94.6197,25.3803
10.860000,100,0,4496.79,3,94.663,25.337
10.870000,100,0,4498.37,3,94.7064,25.2936
10.880000,100,0,4499.96,3,94.7497,25.2503
10.890000,100,0,4501.54,3,94.7929,25.2071
10.900000,100,0,4503.11,3,94.8361,25.1639
10.910000,100,0,4504.69,3,94.8793,25.1207
10.920000,100,0,4506.27,3,94.9225,25.0775
10.930000,100,0,4507.84,3,94.9656,25.0344
10.940000,100,0,4509.41,3,95.0087,24.9913
10.950000,100,0,4510.98,3,95.0518,24.9482
10.960000,100,0,4512.55,3,95.0948,24.9052
10.970000,100,0,4514.12,3,95.1378,24.8622
10.980000,100,0,4515.69,3,95.1808,24.8192
10.990000,100,0,4517.25,3,95.2237,24.7763
11.000000,100,0,4518.81,3,95.2666,24.7334
11.010000,100,0,4520.38,3,95.3095,24.6905
11.020000,100,0,4521.93,3,95.3524,24.6476
11.030000,100,0,4523.49,3,95.3952,24.6048
11.040000,100,0,4525.05,3,95.438,24.562
11.050000,100,0,4526.61,3,95.4807,24.5193
11.060000,100,0,4528.16,3,95.5234,24.4766
11.070000,100,0,4529.71,3,95.5661,24.4339
11.080000,100,0,4531.26,3,95.6088,24.3912
11.090000,100,0,4532.81,3,95.6514,24.3486
11.100000,100,0,4534.36,3,95.694,24.306
11.110000,100,0,4535.9,3,95.7366,24.2634
11.120000,100,0,4537.45,3,95.7791,24.2209
11.130000,100,0,4538.99,3,95.8216,24.1784
11.140000,100,0,4540.53,3,95.8641,24.1359
11.150000,100,0,4542.07,3,95.9065,24.0935
11.160000,100,0,4543.61,3,95.949,24.051
11.170000,100,0,4545.15,3,95.9913,24.0087
11.180000,100,0,4546.68,3,96.0337,23.9663
11.190000,100,0,4548.22,3,96.076,23.924
11.200000,100,0,4549.75,3,96.1183,23.8817
11.210000,100,0,4551.28,3,96.1606,23.8394
11.220000,100,0,4552.81,3,96.2028,23.7972
11.230000,100,0,4554.34,3,96.245,23.755
11.240000,100,0,4555.86,3,96.2872,23.7128
11.250000,100,0,4557.39,3,96.3293,23.6707
11.260000,100,0,4558.91,3,96.3714,23.6286
11.270000,100,0,4560.43,3,96.4135,23.5865
11.280000,100,0,4561.95,3,96.4555,23.5445
11.290000,100,0,4563.47,3,96.4976,23.5024
11.300000,100,0,4564.99,3,96.5395,23.4605
11.310000,100,0,4566.5,3,96.5815,23.4185
11.320000,100,0,4568.02,3,96.6234,23.3766
11.330000,100,0,4569.53,3,96.6653,23.3347
11.340000,100,0,4571.04,3,96.7072,23.2928
11.350000,100,0,4572.55,3,96.749,23.251
11.360000,100,0,4574.06,3,96.7908,23.2092
11.370000,100,0,4575.57,3,96.8326,23.1674
11.380000,100,0,4577.07,3,96.8743,23.1257
11.390000,100,0,4578.58,3,96.916,23.084
11.400000,100,0,4580.08,3,96.9577,23.0423
11.410000,100,0,4581.58,3,96.9994,23.0006
11.420000,100,0,4583.08,3,97.041,22.959
11.430000,100,0,4584.58,3,97.0826,22.9174
11.440000,100,0,4586.07,3,97.1242,22.8758
11.450000,100,0,4587.57,3,97.1657,22.8343
11.460000,100,0,4589.06,3,97.2072,22.7928
11.470000,100,0,4590.55,3,97.2487,22.7513
11.480000,100,0,4592.04,3,97.2901,22.7099
11.490000,100,0,4593.53,3,97.3315,22.6685
11.500000,100,0,4595.02,3,97.3729,22.6271
11.510000,100,0,4596.51,3,97.4143,22.5857
11.520000,100,0,4597.99,3,97.4556,22.5444
11.530000,100,0,4599.47,3,97.4969,22.5031
11.540000,100,0,4600.95,3,97.5381,22.4619
11.550000,100,0,4602.43,3,97.5794,22.4206
11.560000,100,0,4603.91,3,97.6206,22.3794
11.570000,100,0,4605.39,3,97.6617,22.3383
11.580000,100,0,4606.87,3,97.7029,22.2971
11.590000,100,0,4608.34,3,97.744,22.256
11.600000,100,0,4609.81,3,97.7851,22.2149
11.610000,100,0,4611.29,3,97.8261,22.1739
11.620000,100,0,4612.76,3,97.8671,22.1329
11.630000,100,0,4614.22,3,97.9081,22.0919
11.640000,100,0,4615.69,3,97.9491,22.0509
11.650000,100,0,4617.16,3,97.99,22.01
11.660000,100,0,4618.62,3,98.0309,21.9691
11.670000,100,0,4620.08,3,98.0718,21.9282
11.680000,100,0,4621.55,3,98.1127,21.8873
11.690000,100,0,4623.01,3,98.1535,21.8465
11.700000,100,0,4624.46,3,98.1943,21.8057
11.710000,100,0,4625.92,3,98.235,21.765
11.720000,100,0,4627.38,3,98.2758,21.7242
11.730000,100,0,4628.83,3,98.3165,21.6835
11.740000,100,0,4630.28,3,98.3571,21.6429
11.750000,100,0,4631.73,3,98.3978,21.6022
11.760000,100,0,4633.18,3,98.4384,21.5616
11.770000,100,0,4634.63,3,98.479,21.521
11.780000,100,0,4636.08,3,98.5195,21.4805
11.790000,100,0,4637.53,3,98.56,21.44
11.800000,100,0,4638.97,3,98.6005,21.3995
11.810000,100,0,4640.41,3,98.641,21.359
11.820000,100,0,4641.85,3,98.6814,21.3186
11.830000,100,0,4643.29,3,98.7218,21.2782
11.840000,100,0,4644.73,3,98.7622,21.2378
11.850000,100,0,4646.17,3,98.8025,21.1975
11.860000,100,0,4647.61,3,98.8429,21.1571
11.870000,100,0,4649.04,3,98.8831,21.1169
11.880000,100,0,4650.47,3,98.9234,21.0766
11.890000,100,0,4651.91,3,98.9636,21.0364
11.900000,100,0,4653.34,3,99.0038,20.9962
11.910000,100,0,4654.76,3,99.044,20.956
11.920000,100,0,4656.19,3,99.0841,20.9159
11.930000,100,0,4657.62,3,99.1243,20.8757
11.940000,100,0,4659.04,3,99.1643,20.8357
11.950000,100,0,4660.47,3,99.2044,20.7956
11.960000,100,0,4661.89,3,99.2444,20.7556
11.970000,100,0,4663.31,3,99.2844,20.7156
11.980000,100,0,4664.73,3,99.3244,20.6756
11.990000,100,0,4666.14,3,99.3643,20.6357
12.000000,100,0,4667.56,3,99.4042,20.5958
12.010000,100,0,4668.98,3,99.4441,20.5559
12.020000,100,0,4670.39,3,99.484,20.516
12.030000,100,0,4671.8,3,99.5238,20.4762
12.040000,100,0,4673.21,3,99.5636,20.4364
12.050000,100,0,4674.62,3,99.6034,20.3966
12.060000,100,0,4676.03,3,99.6431,20.3569
12.070000,100,0,4677.44,3,99.6828,20.3172
12.080000,100,0,4678.84,3,99.7225,20.2775
12.090000,100,0,4680.24,3,99.7621,20.2379
12.100000,100,0,4681.65,3,99.8018,20.1982
12.110000,100,0,4683.05,3,99.8414,20.1586
12.120000,100,0,4684.45,3,99.8809,20.1191
12.130000,100,0,4685.85,3,99.9205,20.0795
12.140000,100,0,4687.24,3,99.96,20.04
12.150000,100,0,4688.64,3,99.9995,20.0005
12.160000,100,0,4690.03,3,100.039,19.9611
12.170000,100,0,4691.43,3,100.078,19.9217
12.180000,100,0,4692.82,3,100.118,19.8823
12.190000,100,0,4694.21,3,100.157,19.8429
12.200000,100,0,4695.6,3,100.196,19.8036
12.210000,100,0,4696.98,3,100.236,19.7643
12.220000,100,0,4698.37,3,100.275,19.725
12.230000,100,0,4699.76,3,100.314,19.6857
12.240000,100,0,4701.14,3,100.353,19.6465
12.250000,100,0,4702.52,3,100.393,19.6073
12.260000,100,0,4703.9,3,100.432,19.5681
12.270000,100,0,4705.28,3,100.471,19.529
12.280000,100,0,4706.66,3,100.51,19.4899
12.290000,100,0,4708.04,3,100.549,19.4508
12.300000,100,0,4709.41,3,100.588,19.4117
12.310000,100,0,4710.79,3,100.627,19.3727
12.320000,100,0,4712.16,3,100.666,19.3337
12.330000,100,0,4713.53,3,100.705,19.2948
12.340000,100,0,4714.9,3,100.744,19.2558
12.350000,100,0,4716.27,3,100.783,19.2169
12.360000,100,0,4717.64,3,100.822,19.178
12.370000,100,0,4719,3,100.861,19.1392
12.380000,100,0,4720.37,4,100.9,19.1003
12.390000,100,0,4394.34,4,101.056,18.9441
12.400000,100,0,4159.52,4,101.174,18.8262
12.410000,100,0,3984.53,4,101.266,18.734
12.420000,100,0,3850.61,4,101.341,18.6589
12.430000,100,0,3746.81,4,101.404,18.5959
12.440000,100,0,3669.4,4,101.457,18.5431
12.450000,100,0,3612.94,4,101.502,18.4978
12.460000,100,0,3572.01,4,101.542,18.4575
12.470000,100,0,3544.48,4,101.579,18.421
12.480000,100,0,3525.15,4,101.613,18.3869
12.490000,100,0,3512.56,4,101.645,18.3548
12.500000,100,0,3504.9,4,101.676,18.3241
12.510000,100,0,3500.26,4,101.706,18.2943
12.520000,100,0,3497.53,4,101.735,18.265
12.530000,100,0,3496.21,4,101.764,18.2362
12.540000,100,0,3495.74,4,101.792,18.2076
12.550000,100,0,3495.77,4,101.821,18.1792
12.560000,100,0,3496.1,4,101.849,18.1508
12.570000,100,0,3496.6,4,101.877,18.1226
12.580000,100,0,3497.21,4,101.906,18.0943
12.590000,100,0,3497.88,4,101.934,18.0661
12.600000,100,0,3498.58,4,101.962,18.0379
12.610000,100,0,3499.31,4,101.99,18.0097
12.620000,100,0,3500.05,4,102.019,17.9815
12.630000,100,0,3500.79,4,102.047,17.9533
12.640000,100,0,3501.55,4,102.075,17.9251
12.650000,100,0,3502.3,4,102.103,17.8969
12.660000,100,0,3503.06,4,102.131,17.8688
12.670000,100,0,3503.81,4,102.159,17.8406
12.680000,100,0,3504.57,4,102.188,17.8125
12.690000,100,0,3505.32,4,102.216,17.7843
12.700000,100,0,3506.08,4,102.244,17.7562
12.710000,100,0,3506.84,4,102.272,17.7281
12.720000,100,0,3507.59,4,102.3,17.7
12.730000,100,0,3508.35,4,102.328,17.6719
12.740000,100,0,3509.1,4,102.356,17.6437
12.750000,100,0,3509.86,4,102.384,17.6156
12.760000,100,0,3510.62,4,102.412,17.5876
12.770000,100,0,3511.37,4,102.441,17.5595
12.780000,100,0,3512.12,4,102.469,17.5314
12.790000,100,0,3512.88,4,102.497,17.5033
12.800000,100,0,3513.63,4,102.525,17.4752
12.810000,100,0,3514.39,4,102.553,17.4472
12.820000,100,0,3515.14,4,102.581,17.4191
12.830000,100,0,3515.89,4,102.609,17.3911
12.840000,100,0,3516.65,4,102.637,17.363
12.850000,100,0,3517.4,4,102.665,17.335
12.860000,100,0,3518.15,4,102.693,17.307
12.870000,100,0,3518.91,4,102.721,17.2789
12.880000,100,0,3519.66,4,102.749,17.2509
12.890000,100,0,3520.41,4,102.777,17.2229
12.900000,100,0,3521.16,4,102.805,17.1949
12.910000,100,0,3521.91,4,102.833,17.1669
12.920000,100,0,3522.67,4,102.861,17.1389
12.930000,100,0,3523.42,4,102.889,17.111
12.940000,100,0,3524.17,4,102.917,17.083
12.950000,100,0,3524.92,4,102.945,17.055
12.960000,100,0,3525.67,4,102.973,17.027
12.970000,100,0,3526.42,4,103.001,16.9991
12.980000,100,0,3527.17,4,103.029,16.9711
12.990000,100,0,3527.92,4,103.057,16.9432
13.000000,100,0,3528.67,4,103.085,16.9153
13.010000,100,0,3529.42,4,103.113,16.8873
13.020000,100,0,3530.17,4,103.141,16.8594
13.030000,100,0,3530.91,4,103.169,16.8315
13.040000,100,0,3531.66,4,103.196,16.8036
13.050000,100,0,3532.41,4,103.224,16.7757
13.060000,100,0,3533.16,4,103.252,16.7478
13.070000,100,0,3533.91,4,103.28,16.7199
13.080000,100,0,3534.65,4,103.308,16.692
13.090000,100,0,3535.4,4,103.336,16.6641
13.100000,100,0,3536.15,4,103.364,16.6362
13.110000,100,0,3536.9,4,103.392,16.6084
13.120000,100,0,3537.64,4,103.419,16.5805
13.130000,100,0,3538.39,4,103.447,16.5527
13.140000,100,0,3539.13,4,103.475,16.5248
13.150000,100,0,3539.88,4,103.503,16.497
13.160000,100,0,3540.63,4,103.531,16.4691
13.170000,100,0,3541.37,4,103.559,16.4413
13.180000,100,0,3542.12,4,103.587,16.4135
13.190000,100,0,3542.86,4,103.614,16.3857
13.200000,100,0,3543.61,4,103.642,16.3579
13.210000,100,0,3544.35,4,103.67,16.3301
13.220000,100,0,3545.09,4,103.698,16.3023
13.230000,100,0,3545.84,4,103.726,16.2745
13.240000,100,0,3546.58,4,103.753,16.2467
13.250000,100,0,3547.32,4,103.781,16.2189
13.260000,100,0,3548.07,4,103.809,16.1912
13.270000,100,0,3548.81,4,103.837,16.1634
13.280000,100,0,3549.55,4,103.864,16.1356
13.290000,100,0,3550.3,4,103.892,16.1079
13.300000,100,0,3551.04,4,103.92,16.0801
13.310000,100,0,3551.78,4,103.948,16.0524
13.320000,100,0,3552.52,4,103.975,16.0247
13.330000,100,0,3553.26,4,104.003,15.997
13.340000,100,0,3554,4,104.031,15.9692
13.350000,100,0,3554.74,4,104.058,15.9415
13.360000,100,0,3555.49,4,104.086,15.9138
13.370000,100,0,3556.23,4,104.114,15.8861
13.380000,100,0,3556.97,4,104.142,15.8584
13.390000,100,0,3557.71,4,104.169,15.8308
13.400000,100,0,3558.45,4,104.197,15.8031
13.410000,100,0,3559.19,4,104.225,15.7754
13.420000,100,0,3559.92,4,104.252,15.7477
13.430000,100,0,3560.66,4,104.28,15.7201
13.440000,100,0,3561.4,4,104.308,15.6924
13.450000,100,0,3562.14,4,104.335,15.6648
13.460000,100,0,3562.88,4,104.363,15.6372
13.470000,100,0,3563.62,4,104.39,15.6095
13.480000,100,0,3564.35,4,104.418,15.5819
13.490000,100,0,3565.09,4,104.446,15.5543
13.500000,100,0,3565.83,4,104.473,15.5267
13.510000,100,0,3566.57,4,104.501,15.4991
13.520000,100,0,3567.3,4,104.529,15.4715
13.530000,100,0,3568.04,4,104.556,15.4439
13.540000,100,0,3568.78,4,104.584,15.4163
13.550000,100,0,3569.51,4,104.611,15.3887
13.560000,100,0,3570.25,4,104.639,15.3611
13.570000,100,0,3570.98,4,104.666,15.3336
13.580000,100,0,3571.72,4,104.694,15.306
13.590000,100,0,3572.45,4,104.722,15.2784
13.600000,100,0,3573.19,4,104.749,15.2509
13.610000,100,0,3573.92,4,104.777,15.2234
13.620000,100,0,3574.66,4,104.804,15.1958
13.630000,100,0,3575.39,4,104.832,15.1683
13.640000,100,0,3576.13,4,104.859,15.1408
13.650000,100,0,3576.86,4,104.887,15.1133
13.660000,100,0,3577.59,4,104.914,15.0858
13.670000,100,0,3578.33,4,104.942,15.0583
13.680000,100,0,3579.06,4,104.969,15.0308
13.690000,100,0,3579.79,4,104.997,15.0033
13.700000,100,0,3580.53,4,105.024,14.9758
13.710000,100,0,3581.26,4,105.052,14.9483
13.720000,100,0,3581.99,4,105.079,14.9208
13.730000,100,0,3582.72,4,105.107,14.8934
13.740000,100,0,3583.45,4,105.134,14.8659
13.750000,100,0,3584.18,4,105.162,14.8385
13.760000,100,0,3584.92,4,105.189,14.811
13.770000,100,0,3585.65,4,105.216,14.7836
13.780000,100,0,3586.38,4,105.244,14.7562
13.790000,100,0,3587.11,4,105.271,14.7288
13.800000,100,0,3587.84,4,105.299,14.7013
13.810000,100,0,3588.57,4,105.326,14.6739
13.820000,100,0,3589.3,4,105.353,14.6465
13.830000,100,0,3590.03,4,105.381,14.6191
13.840000,100,0,3590.76,4,105.408,14.5917
13.850000,100,0,3591.49,4,105.436,14.5644
13.860000,100,0,3592.21,4,105.463,14.537
13.870000,100,0,3592.94,4,105.49,14.5096
13.880000,100,0,3593.67,4,105.518,14.4822
13.890000,100,0,3594.4,4,105.545,14.4549
13.900000,100,0,3595.13,4,105.572,14.4275
13.910000,100,0,3595.85,4,105.6,14.4002
13.920000,100,0,3596.58,4,105.627,14.3728
13.930000,100,0,3597.31,4,105.654,14.3455
13.940000,100,0,3598.03,4,105.682,14.3182
13.950000,100,0,3598.76,4,105.709,14.2909
13.960000,100,0,3599.49,4,105.736,14.2636
13.970000,100,0,3600.21,4,105.764,14.2363
13.980000,100,0,3600.94,4,105.791,14.209
13.990000,100,0,3601.65,4,105.818,14.1817
14.000000,100,0,3602.35,4,105.846,14.1544
14.010000,100,0,3603.05,4,105.873,14.1271
14.020000,100,0,3603.75,4,105.9,14.0998
14.030000,100,0,3604.44,4,105.927,14.0726
14.040000,100,0,3605.15,4,105.955,14.0453
14.050000,100,0,3605.86,4,105.982,14.0181
14.060000,100,0,3606.57,4,106.009,13.9909
14.070000,100,0,3607.29,4,106.036,13.9637
14.080000,100,0,3608,4,106.064,13.9365
14.090000,100,0,3608.72,4,106.091,13.9093
14.100000,100,0,3609.44,4,106.118,13.8821
14.110000,100,0,3610.15,4,106.145,13.8549
14.120000,100,0,3610.87,4,106.172,13.8278
14.130000,100,0,3611.59,4,106.199,13.8006
14.140000,100,0,3612.3,4,106.227,13.7735
14.150000,100,0,3613.02,4,106.254,13.7464
14.160000,100,0,3613.73,4,106.281,13.7192
14.170000,100,0,3614.45,4,106.308,13.6921
14.180000,100,0,3615.16,4,106.335,13.665
14.190000,100,0,3615.87,4,106.362,13.6379
14.200000,100,0,3616.59,4,106.389,13.6109
14.210000,100,0,3617.3,4,106.416,13.5838
14.220000,100,0,3618.01,4,106.443,13.5567
14.230000,100,0,3618.73,4,106.47,13.5297
14.240000,100,0,3619.44,4,106.497,13.5026
14.250000,100,0,3620.15,4,106.524,13.4756
14.260000,100,0,3620.86,4,106.551,13.4486
14.270000,100,0,3621.57,4,106.578,13.4216
14.280000,100,0,3622.28,4,106.605,13.3946
14.290000,100,0,3622.99,4,106.632,13.3676
14.300000,100,0,3623.7,4,106.659,13.3406
14.310000,100,0,3624.41,4,106.686,13.3136
14.320000,100,0,3625.12,4,106.713,13.2867
14.330000,100,0,3625.83,4,106.74,13.2597
14.340000,100,0,3626.54,4,106.767,13.2328
14.350000,100,0,3627.25,4,106.794,13.2058
14.360000,100,0,3627.96,4,106.821,13.1789
14.370000,100,0,3628.67,4,106.848,13.152
14.380000,100,0,3629.37,4,106.875,13.1251
14.390000,100,0,3630.08,4,106.902,13.0982
14.400000,100,0,3630.79,4,106.929,13.0713
14.410000,100,0,3631.49,4,106.956,13.0445
14.420000,100,0,3632.2,4,106.982,13.0176
14.430000,100,0,3632.91,4,107.009,12.9907
14.440000,100,0,3633.61,4,107.036,12.9639
14.450000,100,0,3634.32,4,107.063,12.9371
14.460000,100,0,3635.02,4,107.09,12.9102
14.470000,100,0,3635.73,4,107.117,12.8834
14.480000,100,0,3636.43,4,107.143,12.8566
14.490000,100,0,3637.13,4,107.17,12.8298
14.500000,100,0,3637.84,4,107.197,12.803
14.510000,100,0,3638.54,4,107.224,12.7763
14.520000,100,0,3639.24,4,107.25,12.7495
14.530000,100,0,3639.95,4,107.277,12.7228
14.540000,100,0,3640.65,4,107.304,12.696
14.550000,100,0,3641.35,4,107.331,12.6693
14.560000,100,0,3642.05,4,107.357,12.6426
14.570000,100,0,3642.75,4,107.384,12.6158
14.580000,100,0,3643.45,4,107.411,12.5891
14.590000,100,0,3644.15,4,107.438,12.5624
14.600000,100,0,3644.85,4,107.464,12.5358
14.610000,100,0,3645.55,4,107.491,12.5091
14.620000,100,0,3646.25,4,107.518,12.4824
14.630000,100,0,3646.95,4,107.544,12.4558
14.640000,100,0,3647.65,4,107.571,12.4291
14.650000,100,0,3648.35,4,107.598,12.4025
14.660000,100,0,3649.05,4,107.624,12.3759
14.670000,100,0,3649.75,4,107.651,12.3492
14.680000,100,0,3650.44,4,107.677,12.3226
14.690000,100,0,3651.14,4,107.704,12.296
14.700000,100,0,3651.84,4,107.731,12.2694
14.710000,100,0,3652.53,4,107.757,12.2429
14.720000,100,0,3653.23,4,107.784,12.2163
14.730000,100,0,3653.93,4,107.81,12.1897
14.740000,100,0,3654.62,4,107.837,12.1632
14.750000,100,0,3655.32,4,107.863,12.1367
14.760000,100,0,3656.01,4,107.89,12.1101
14.770000,100,0,3656.71,4,107.916,12.0836
14.780000,100,0,3657.4,4,107.943,12.0571
14.790000,100,0,3658.09,4,107.969,12.0306
14.800000,100,0,3658.79,4,107.996,12.0041
14.810000,100,0,3659.48,4,108.022,11.9776
14.820000,100,0,3660.17,4,108.049,11.9512
14.830000,100,0,3660.87,4,108.075,11.9247
14.840000,100,0,3661.56,4,108.102,11.8983
14.850000,100,0,3662.25,4,108.128,11.8718
14.860000,100,0,3662.94,4,108.155,11.8454
14.870000,100,0,3663.63,4,108.181,11.819
14.880000,100,0,3664.32,4,108.207,11.7926
14.890000,100,0,3665.01,4,108.234,11.7662
14.900000,100,0,3665.71,4,108.26,11.7398
14.910000,100,0,3666.4,4,108.287,11.7134
14.920000,100,0,3667.08,4,108.313,11.687
14.930000,100,0,3667.77,4,108.339,11.6607
14.940000,100,0,3668.46,4,108.366,11.6343
14.950000,100,0,3669.15,4,108.392,11.608
14.960000,100,0,3669.84,4,108.418,11.5816
14.970000,100,0,3670.53,4,108.445,11.5553
14.980000,100,0,3671.22,4,108.471,11.529
14.990000,100,0,3671.9,4,108.497,11.5027
15.000000,100,0,3672.59,4,108.524,11.4764
15.010000,100,0,3673.28,4,108.55,11.4501
15.020000,100,0,3673.96,4,108.576,11.4239
15.030000,100,0,3674.65,4,108.602,11.3976
15.040000,100,0,3675.33,4,108.629,11.3713
15.050000,100,0,3676.02,4,108.655,11.3451
15.060000,100,0,3676.7,4,108.681,11.3189
15.070000,100,0,3677.39,4,108.707,11.2926
15.080000,100,0,3678.07,4,108.734,11.2664
15.090000,100,0,3678.76,4,108.76,11.2402
15.100000,100,0,3679.44,4,108.786,11.214
15.110000,100,0,3680.12,4,108.812,11.1878
15.120000,100,0,3680.81,4,108.838,11.1617
15.130000,100,0,3681.49,4,108.865,11.1355
15.140000,100,0,3682.17,4,108.891,11.1093
15.150000,100,0,3682.86,4,108.917,11.0832
15.160000,100,0,3683.54,4,108.943,11.057
15.170000,100,0,3684.22,4,108.969,11.0309
15.180000,100,0,3684.9,4,108.995,11.0048
15.190000,100,0,3685.58,4,109.021,10.9787
15.200000,100,0,3686.26,4,109.047,10.9526
15.210000,100,0,3686.94,4,109.073,10.9265
15.220000,100,0,3687.62,4,109.1,10.9004
15.230000,100,0,3688.3,4,109.126,10.8744
15.240000,100,0,3688.98,4,109.152,10.8483
15.250000,100,0,3689.66,4,109.178,10.8223
15.260000,100,0,3690.34,4,109.204,10.7962
15.270000,100,0,3691.02,4,109.23,10.7702
15.280000,100,0,3691.69,4,109.256,10.7442
15.290000,100,0,3692.37,4,109.282,10.7182
15.300000,100,0,3693.05,4,109.308,10.6922
15.310000,100,0,3693.72,4,109.334,10.6662
15.320000,100,0,3694.4,4,109.36,10.6402
15.330000,100,0,3695.08,4,109.386,10.6142
15.340000,100,0,3695.75,4,109.412,10.5882
15.350000,100,0,3696.43,4,109.438,10.5623
15.360000,100,0,3697.1,4,109.464,10.5363
15.370000,100,0,3697.78,4,109.49,10.5104
15.380000,100,0,3698.45,4,109.516,10.4845
15.390000,100,0,3699.13,4,109.541,10.4586
15.400000,100,0,3699.8,4,109.567,10.4327
15.410000,100,0,3700.48,4,109.593,10.4068
15.420000,100,0,3701.15,4,109.619,10.3809
15.430000,100,0,3701.82,4,109.645,10.355
15.440000,100,0,3702.5,4,109.671,10.3292
15.450000,100,0,3703.17,4,109.697,10.3033
15.460000,100,0,3703.84,4,109.723,10.2774
15.470000,100,0,3704.51,4,109.748,10.2516
15.480000,100,0,3705.18,4,109.774,10.2258
15.490000,100,0,3705.85,4,109.8,10.2
15.500000,100,0,3706.53,4,109.826,10.1742
15.510000,100,0,3707.2,4,109.852,10.1484
15.520000,100,0,3707.87,4,109.877,10.1226
15.530000,100,0,3708.54,4,109.903,10.0968
15.540000,100,0,3709.21,4,109.929,10.071
15.550000,100,0,3709.88,4,109.955,10.0453
15.560000,100,0,3710.54,4,109.98,10.0195
15.570000,100,0,3711.21,4,110.006,9.99377
15.580000,100,0,3711.88,4,110.032,9.96804
15.590000,100,0,3712.55,4,110.058,9.94232
15.600000,100,0,3713.22,4,110.083,9.91661
15.610000,100,0,3713.88,4,110.109,9.89091
15.620000,100,0,3714.55,4,110.135,9.86522
15.630000,100,0,3715.22,4,110.16,9.83953
15.640000,100,0,3715.88,4,110.186,9.81386
15.650000,100,0,3716.55,4,110.212,9.7882
15.660000,100,0,3717.22,4,110.237,9.76254
15.670000,100,0,3717.88,4,110.263,9.7369
15.680000,100,0,3718.55,4,110.289,9.71127
15.690000,100,0,3719.21,4,110.314,9.68564
15.700000,100,0,3719.88,4,110.34,9.66002
15.710000,100,0,3720.54,4,110.366,9.63442
15.720000,100,0,3721.2,4,110.391,9.60882
15.730000,100,0,3721.87,4,110.417,9.58324
15.740000,100,0,3722.53,4,110.442,9.55766
15.750000,100,0,3723.19,4,110.468,9.53209
15.760000,100,0,3723.86,4,110.493,9.50653
15.770000,100,0,3724.52,4,110.519,9.48099
15.780000,100,0,3725.18,4,110.545,9.45545
15.790000,100,0,3725.84,4,110.57,9.42992
15.800000,100,0,3726.5,4,110.596,9.4044
15.810000,100,0,3727.16,4,110.621,9.37889
15.820000,100,0,3727.83,4,110.647,9.35339
15.830000,100,0,3728.49,4,110.672,9.3279
15.840000,100,0,3729.15,4,110.698,9.30242
15.850000,100,0,3729.81,4,110.723,9.27694
15.860000,100,0,3730.46,4,110.749,9.25148
15.870000,100,0,3731.12,4,110.774,9.22603
15.880000,100,0,3731.78,4,110.799,9.20059
15.890000,100,0,3732.44,4,110.825,9.17515
15.900000,100,0,3733.1,4,110.85,9.14973
15.910000,100,0,3733.76,4,110.876,9.12431
15.920000,100,0,3734.42,4,110.901,9.09891
15.930000,100,0,3735.07,4,110.926,9.07351
15.940000,100,0,3735.73,4,110.952,9.04813
15.950000,100,0,3736.39,4,110.977,9.02275
15.960000,100,0,3737.04,4,111.003,8.99738
15.970000,100,0,3737.7,4,111.028,8.97203
15.980000,100,0,3738.35,4,111.053,8.94668
15.990000,100,0,3739.01,4,111.079,8.92134
16.000000,100,0,3739.66,4,111.104,8.89601
16.010000,100,0,3740.32,4,111.129,8.87069
16.020000,100,0,3740.97,4,111.155,8.84538
16.030000,100,0,3741.63,4,111.18,8.82008
16.040000,100,0,3742.28,4,111.205,8.79479
16.050000,100,0,3742.94,4,111.23,8.76951
16.060000,100,0,3743.59,4,111.256,8.74424
16.070000,100,0,3744.24,4,111.281,8.71898
16.080000,100,0,3744.89,4,111.306,8.69373
16.090000,100,0,3745.55,4,111.332,8.66848
16.100000,100,0,3746.2,4,111.357,8.64325
16.110000,100,0,3746.85,4,111.382,8.61803
16.120000,100,0,3747.5,4,111.407,8.59281
16.130000,100,0,3748.15,4,111.432,8.56761
16.140000,100,0,3748.8,4,111.458,8.54241
16.150000,100,0,3749.45,4,111.483,8.51723
16.160000,100,0,3750.1,4,111.508,8.49205
16.170000,100,0,3750.75,4,111.533,8.46688
16.180000,100,0,3751.4,4,111.558,8.44173
16.190000,100,0,3752.05,4,111.583,8.41658
16.200000,100,0,3752.7,4,111.609,8.39144
16.210000,100,0,3753.35,4,111.634,8.36631
16.220000,100,0,3754,4,111.659,8.34119
16.230000,100,0,3754.65,4,111.684,8.31608
16.240000,100,0,3755.29,4,111.709,8.29098
16.250000,100,0,3755.94,4,111.734,8.26589
16.260000,100,0,3756.59,4,111.759,8.24081
16.270000,100,0,3757.23,4,111.784,8.21573
16.280000,100,0,3757.88,4,111.809,8.19067
16.290000,100,0,3758.53,4,111.834,8.16562
16.300000,100,0,3759.17,4,111.859,8.14057
16.310000,100,0,3759.82,4,111.884,8.11554
16.320000,100,0,3760.46,4,111.909,8.09051
16.330000,100,0,3761.11,4,111.935,8.0655
16.340000,100,0,3761.75,4,111.96,8.04049
16.350000,100,0,3762.4,4,111.985,8.0155
16.360000,100,0,3763.04,4,112.009,7.99051
16.370000,100,0,3763.68,4,112.034,7.96553
16.380000,100,0,3764.33,4,112.059,7.94056
16.390000,100,0,3764.97,4,112.084,7.9156
16.400000,100,0,3765.61,4,112.109,7.89065
16.410000,100,0,3766.26,4,112.134,7.86571
16.420000,100,0,3766.9,4,112.159,7.84078
16.430000,100,0,3767.54,4,112.184,7.81586
16.440000,100,0,3768.18,4,112.209,7.79095
16.450000,100,0,3768.82,4,112.234,7.76605
16.460000,100,0,3769.46,4,112.259,7.74116
16.470000,100,0,3770.1,4,112.284,7.71627
16.480000,100,0,3770.74,4,112.309,7.6914
16.490000,100,0,3771.38,4,112.333,7.66653
16.500000,100,0,3772.02,4,112.358,7.64168
16.510000,100,0,3772.66,4,112.383,7.61683
16.520000,100,0,3773.3,4,112.408,7.592
16.530000,100,0,3773.94,4,112.433,7.56717
16.540000,100,0,3774.58,4,112.458,7.54235
16.550000,100,0,3775.22,4,112.482,7.51754
16.560000,100,0,3775.86,4,112.507,7.49274
16.570000,100,0,3776.49,4,112.532,7.46795
16.580000,100,0,3777.13,4,112.557,7.44317
16.590000,100,0,3777.77,4,112.582,7.4184
16.600000,100,0,3778.4,4,112.606,7.39364
16.610000,100,0,3779.04,4,112.631,7.36889
16.620000,100,0,3779.68,4,112.656,7.34415
16.630000,100,0,3780.31,4,112.681,7.31942
16.640000,100,0,3780.95,4,112.705,7.29469
16.650000,100,0,3781.58,4,112.73,7.26998
16.660000,100,0,3782.22,4,112.755,7.24527
16.670000,100,0,3782.85,4,112.779,7.22058
16.680000,100,0,3783.49,4,112.804,7.19589
16.690000,100,0,3784.12,4,112.829,7.17121
16.700000,100,0,3784.75,4,112.853,7.14655
16.710000,100,0,3785.39,4,112.878,7.12189
16.720000,100,0,3786.02,4,112.903,7.09724
16.730000,100,0,3786.65,4,112.927,7.0726
16.740000,100,0,3787.29,4,112.952,7.04797
16.750000,100,0,3787.92,4,112.977,7.02335
16.760000,100,0,3788.55,4,113.001,6.99874
16.770000,100,0,3789.18,4,113.026,6.97413
16.780000,100,0,3789.81,4,113.05,6.94954
16.790000,100,0,3790.44,4,113.075,6.92496
16.800000,100,0,3791.07,4,113.1,6.90038
16.810000,100,0,3791.7,4,113.124,6.87582
16.820000,100,0,3792.33,4,113.149,6.85126
16.830000,100,0,3792.96,4,113.173,6.82672
16.840000,100,0,3793.59,4,113.198,6.80218
16.850000,100,0,3794.22,4,113.222,6.77765
16.860000,100,0,3794.85,4,113.247,6.75314
16.870000,100,0,3795.48,4,113.271,6.72863
16.880000,100,0,3796.11,4,113.296,6.70413
16.890000,100,0,3796.74,4,113.32,6.67964
16.900000,100,0,3797.36,4,113.345,6.65516
16.910000,100,0,3797.99,4,113.369,6.63069
16.920000,100,0,3798.62,4,113.394,6.60622
16.930000,100,0,3799.25,4,113.418,6.58177
16.940000,100,0,3799.87,4,113.443,6.55733
16.950000,100,0,3800.5,4,113.467,6.53289
16.960000,100,0,3801.12,4,113.492,6.50847
16.970000,100,0,3801.75,4,113.516,6.48405
16.980000,100,0,3802.37,4,113.54,6.45965
16.990000,100,0,3803,4,113.565,6.43525
17.000000,100,0,3803.62,4,113.589,6.41086
17.010000,100,0,3804.25,4,113.614,6.38648
17.020000,100,0,3804.87,4,113.638,6.36211
17.030000,100,0,3805.5,4,113.662,6.33775
17.040000,100,0,3806.12,4,113.687,6.3134
17.050000,100,0,3806.74,4,113.711,6.28906
17.060000,100,0,3807.37,4,113.735,6.26473
17.070000,100,0,3807.99,4,113.76,6.24041
17.080000,100,0,3808.61,4,113.784,6.21609
17.090000,100,0,3809.23,4,113.808,6.19179
17.100000,100,0,3809.85,4,113.833,6.16749
17.110000,100,0,3810.48,4,113.857,6.14321
17.120000,100,0,3811.1,4,113.881,6.11893
17.130000,100,0,3811.72,4,113.905,6.09466
17.140000,100,0,3812.34,4,113.93,6.07041
17.150000,100,0,3812.96,4,113.954,6.04616
17.160000,100,0,3813.58,4,113.978,6.02192
17.170000,100,0,3814.2,4,114.002,5.99769
17.180000,100,0,3814.82,4,114.027,5.97347
17.190000,100,0,3815.44,4,114.051,5.94925
17.200000,100,0,3816.05,4,114.075,5.92505
17.210000,100,0,3816.67,4,114.099,5.90086
17.220000,100,0,3817.29,4,114.123,5.87667
17.230000,100,0,3817.91,4,114.148,5.8525
17.240000,100,0,3818.53,4,114.172,5.82833
17.250000,100,0,3819.14,4,114.196,5.80418
17.260000,100,0,3819.76,4,114.22,5.78003
17.270000,100,0,3820.38,4,114.244,5.75589
17.280000,100,0,3820.99,4,114.268,5.73176
17.290000,100,0,3821.61,4,114.292,5.70764
17.300000,100,0,3822.23,4,114.316,5.68353
17.310000,100,0,3822.84,4,114.341,5.65943
17.320000,100,0,3823.46,4,114.365,5.63534
17.330000,100,0,3824.07,4,114.389,5.61126
17.340000,100,0,3824.69,4,114.413,5.58719
17.350000,100,0,3825.3,4,114.437,5.56312
17.360000,100,0,3825.91,4,114.461,5.53907
17.370000,100,0,3826.53,4,114.485,5.51502
17.380000,100,0,3827.14,4,114.509,5.49098
17.390000,100,0,3827.75,4,114.533,5.46696
17.400000,100,0,3828.37,4,114.557,5.44294
17.410000,100,0,3828.98,4,114.581,5.41893
17.420000,100,0,3829.59,4,114.605,5.39493
17.430000,100,0,3830.2,4,114.629,5.37094
17.440000,100,0,3830.82,4,114.653,5.34696
17.450000,100,0,3831.43,4,114.677,5.32299
17.460000,100,0,3832.04,4,114.701,5.29902
17.470000,100,0,3832.65,4,114.725,5.27507
17.480000,100,0,3833.26,4,114.749,5.25112
17.490000,100,0,3833.87,4,114.773,5.22719
17.500000,100,0,3834.48,4,114.797,5.20326
17.510000,100,0,3835.09,4,114.821,5.17935
17.520000,100,0,3835.7,4,114.845,5.15544
17.530000,100,0,3836.31,4,114.868,5.13154
17.540000,100,0,3836.92,4,114.892,5.10765
17.550000,100,0,3837.53,4,114.916,5.08377
17.560000,100,0,3838.13,4,114.94,5.0599
17.570000,100,0,3838.74,4,114.964,5.03603
17.580000,100,0,3839.35,4,114.988,5.01218
17.590000,100,0,3839.96,4,115.012,4.98834
17.600000,100,0,3840.56,4,115.035,4.9645
17.610000,100,0,3841.17,4,115.059,4.94068
17.620000,100,0,3841.78,4,115.083,4.91686
17.630000,100,0,3842.38,4,115.107,4.89305
17.640000,100,0,3842.99,4,115.131,4.86926
17.650000,100,0,3843.59,4,115.155,4.84547
17.660000,100,0,3844.2,4,115.178,4.82169
17.670000,100,0,3844.8,4,115.202,4.79792
17.680000,100,0,3845.41,4,115.226,4.77415
17.690000,100,0,3846.01,4,115.25,4.7504
17.700000,100,0,3846.62,4,115.273,4.72666
17.710000,100,0,3847.22,4,115.297,4.70292
17.720000,100,0,3847.83,4,115.321,4.6792
17.730000,100,0,3848.43,4,115.345,4.65548
17.740000,100,0,3849.03,4,115.368,4.63178
17.750000,100,0,3849.63,4,115.392,4.60808
17.760000,100,0,3850.24,4,115.416,4.58439
17.770000,100,0,3850.84,4,115.439,4.56071
17.780000,100,0,3851.44,4,115.463,4.53704
17.790000,100,0,3852.04,4,115.487,4.51338
17.800000,100,0,3852.64,4,115.51,4.48973
17.810000,100,0,3853.25,4,115.534,4.46608
17.820000,100,0,3853.85,4,115.558,4.44245
17.830000,100,0,3854.45,4,115.581,4.41882
17.840000,100,0,3855.05,4,115.605,4.39521
17.850000,100,0,3855.65,4,115.628,4.3716
17.860000,100,0,3856.25,4,115.652,4.348
17.870000,100,0,3856.85,4,115.676,4.32441
17.880000,100,0,3857.44,4,115.699,4.30083
17.890000,100,0,3858.04,4,115.723,4.27726
17.900000,100,0,3858.64,4,115.746,4.2537
17.910000,100,0,3859.24,4,115.77,4.23015
17.920000,100,0,3859.84,4,115.793,4.20661
17.930000,100,0,3860.43,4,115.817,4.18307
17.940000,100,0,3861.03,4,115.84,4.15955
17.950000,100,0,3861.63,4,115.864,4.13603
17.960000,100,0,3862.23,4,115.887,4.11252
17.970000,100,0,3862.82,4,115.911,4.08903
17.980000,100,0,3863.42,4,115.934,4.06554
17.990000,100,0,3864.01,4,115.958,4.04206
18.000000,100,0,3864.61,4,115.981,4.01859
18.010000,100,0,3865.21,4,116.005,3.99512
18.020000,100,0,3865.8,4,116.028,3.97167
18.030000,100,0,3866.4,4,116.052,3.94823
18.040000,100,0,3866.99,4,116.075,3.92479
18.050000,100,0,3867.58,4,116.099,3.90137
18.060000,100,0,3868.18,4,116.122,3.87795
18.070000,100,0,3868.77,4,116.145,3.85454
18.080000,100,0,3869.36,4,116.169,3.83114
18.090000,100,0,3869.96,4,116.192,3.80776
18.100000,100,0,3870.55,4,116.216,3.78437
18.110000,100,0,3871.14,4,116.239,3.761
18.120000,100,0,3871.73,4,116.262,3.73764
18.130000,100,0,3872.33,4,116.286,3.71429
18.140000,100,0,3872.92,4,116.309,3.69094
18.150000,100,0,3873.51,4,116.332,3.66761
18.160000,100,0,3874.1,4,116.356,3.64428
18.170000,100,0,3874.69,4,116.379,3.62096
18.180000,100,0,3875.28,4,116.402,3.59766
18.190000,100,0,3875.87,4,116.426,3.57436
18.200000,100,0,3876.46,4,116.449,3.55107
18.210000,100,0,3877.06,4,116.472,3.52779
18.220000,100,0,3877.69,4,116.495,3.50453
18.230000,100,0,3878.32,4,116.519,3.48128
18.240000,100,0,3878.96,4,116.542,3.45804
18.250000,100,0,3879.6,4,116.565,3.43481
18.260000,100,0,3880.25,4,116.588,3.41159
18.270000,100,0,3880.89,4,116.612,3.38838
18.280000,100,0,3881.53,4,116.635,3.36518
18.290000,100,0,3882.18,4,116.658,3.34199
18.300000,100,0,3882.82,4,116.681,3.31881
18.310000,100,0,3883.46,4,116.704,3.29563
18.320000,100,0,3884.1,4,116.728,3.27247
18.330000,100,0,3884.74,4,116.751,3.24932
18.340000,100,0,3885.39,4,116.774,3.22617
18.350000,100,0,3886.03,4,116.797,3.20304
18.360000,100,0,3886.67,4,116.82,3.17991
18.370000,100,0,3887.31,4,116.843,3.1568
18.380000,100,0,3887.95,4,116.866,3.13369
18.390000,100,0,3888.59,4,116.889,3.11059
18.400000,100,0,3889.23,4,116.912,3.0875
18.410000,100,0,3889.87,4,116.936,3.06442
18.420000,100,0,3890.51,4,116.959,3.04135
18.430000,100,0,3891.15,4,116.982,3.01829
18.440000,100,0,3891.78,4,117.005,2.99524
18.450000,100,0,3892.42,4,117.028,2.9722
18.460000,100,0,3893.06,4,117.051,2.94917
18.470000,100,0,3893.7,4,117.074,2.92615
18.480000,100,0,3894.33,4,117.097,2.90313
18.490000,100,0,3894.97,4,117.12,2.88013
18.500000,100,0,3895.61,4,117.143,2.85713
18.510000,100,0,3896.24,4,117.166,2.83415
18.520000,100,0,3896.88,4,117.189,2.81117
18.530000,100,0,3897.52,4,117.212,2.7882
18.540000,100,0,3898.15,4,117.235,2.76525
18.550000,100,0,3898.79,4,117.258,2.7423
18.560000,100,0,3899.42,4,117.281,2.71936
18.570000,100,0,3900.06,4,117.304,2.69643
18.580000,100,0,3900.69,4,117.326,2.67351
18.590000,100,0,3901.32,4,117.349,2.65059
18.600000,100,0,3901.96,4,117.372,2.62769
18.610000,100,0,3902.59,4,117.395,2.6048
18.620000,100,0,3903.22,4,117.418,2.58192
18.630000,100,0,3903.86,4,117.441,2.55904
18.640000,100,0,3904.49,4,117.464,2.53618
18.650000,100,0,3905.12,4,117.487,2.51332
18.660000,100,0,3905.75,4,117.51,2.49047
18.670000,100,0,3906.38,4,117.532,2.46764
18.680000,100,0,3907.01,4,117.555,2.44481
18.690000,100,0,3907.65,4,117.578,2.42199
18.700000,100,0,3908.28,4,117.601,2.39918
18.710000,100,0,3908.91,4,117.624,2.37638
18.720000,100,0,3909.54,4,117.646,2.35359
18.730000,100,0,3910.17,4,117.669,2.33081
18.740000,100,0,3910.8,4,117.692,2.30803
18.750000,100,0,3911.42,4,117.715,2.28527
18.760000,100,0,3912.05,4,117.737,2.26251
18.770000,100,0,3912.68,4,117.76,2.23977
18.780000,100,0,3913.31,4,117.783,2.21703
18.790000,100,0,3913.94,4,117.806,2.19431
18.800000,100,0,3914.57,4,117.828,2.17159
18.810000,100,0,3915.19,4,117.851,2.14888
18.820000,100,0,3915.82,4,117.874,2.12618
18.830000,100,0,3916.45,4,117.897,2.10349
18.840000,100,0,3917.07,4,117.919,2.08081
18.850000,100,0,3917.7,4,117.942,2.05814
18.860000,100,0,3918.33,4,117.965,2.03548
18.870000,100,0,3918.95,4,117.987,2.01283
18.880000,100,0,3919.58,4,118.01,1.99018
18.890000,100,0,3920.2,4,118.032,1.96755
18.900000,100,0,3920.83,4,118.055,1.94492
18.910000,100,0,3921.45,4,118.078,1.92231
18.920000,100,0,3922.07,4,118.1,1.8997
18.930000,100,0,3922.7,4,118.123,1.8771
18.940000,100,0,3923.32,4,118.145,1.85451
18.950000,100,0,3923.94,4,118.168,1.83193
18.960000,100,0,3924.57,4,118.191,1.80936
18.970000,100,0,3925.19,4,118.213,1.7868
18.980000,100,0,3925.81,4,118.236,1.76425
18.990000,100,0,3926.43,4,118.258,1.74171
19.000000,100,0,3927.06,4,118.281,1.71917
19.010000,100,0,3927.68,4,118.303,1.69665
19.020000,100,0,3928.3,4,118.326,1.67413
19.030000,100,0,3928.92,4,118.348,1.65163
19.040000,100,0,3929.54,4,118.371,1.62913
19.050000,100,0,3930.16,4,118.393,1.60664
19.060000,100,0,3930.78,4,118.416,1.58416
19.070000,100,0,3931.4,4,118.438,1.56169
19.080000,100,0,3932.02,4,118.461,1.53923
19.090000,100,0,3932.64,4,118.483,1.51678
19.100000,100,0,3933.26,4,118.506,1.49434
19.110000,100,0,3933.88,4,118.528,1.47191
19.120000,100,0,3934.49,4,118.551,1.44948
19.130000,100,0,3935.11,4,118.573,1.42707
19.140000,100,0,3935.73,4,118.595,1.40466
19.150000,100,0,3936.35,4,118.618,1.38227
19.160000,100,0,3936.96,4,118.64,1.35988
19.170000,100,0,3937.58,4,118.662,1.3375
19.180000,100,0,3938.2,4,118.685,1.31513
19.190000,100,0,3938.81,4,118.707,1.29277
19.200000,100,0,3939.43,4,118.73,1.27042
19.210000,100,0,3940.04,4,118.752,1.24808
19.220000,100,0,3940.66,4,118.774,1.22575
19.230000,100,0,3941.27,4,118.797,1.20342
19.240000,100,0,3941.89,4,118.819,1.18111
19.250000,100,0,3942.5,4,118.841,1.1588
19.260000,100,0,3943.12,4,118.863,1.13651
19.270000,100,0,3943.73,4,118.886,1.11422
19.280000,100,0,3944.35,4,118.908,1.09194
19.290000,100,0,3944.96,4,118.93,1.06967
19.300000,100,0,3945.57,4,118.953,1.04741
19.310000,100,0,3946.18,4,118.975,1.02516
19.320000,100,0,3946.8,4,118.997,1.00292
19.330000,100,0,3947.41,4,119.019,0.980688
19.340000,100,0,3948.02,4,119.042,0.958465
19.350000,100,0,3948.63,4,119.064,0.93625
19.360000,100,0,3949.24,4,119.086,0.914045
19.370000,100,0,3949.85,4,119.108,0.891848
19.380000,100,0,3950.46,4,119.13,0.869661
19.390000,100,0,3951.07,4,119.153,0.847483
19.400000,100,0,3951.68,4,119.175,0.825313
19.410000,100,0,3952.29,4,119.197,0.803153
19.420000,100,0,3952.9,4,119.219,0.781002
19.430000,100,0,3953.51,4,119.241,0.75886
19.440000,100,0,3954.12,4,119.263,0.736727
19.450000,100,0,3954.73,4,119.285,0.714603
19.460000,100,0,3955.34,4,119.308,0.692488
19.470000,100,0,3955.95,4,119.33,0.670382
19.480000,100,0,3956.55,4,119.352,0.648285
19.490000,100,0,3957.16,4,119.374,0.626197
19.500000,100,0,3957.77,4,119.396,0.604118
19.510000,100,0,3958.38,4,119.418,0.582048
19.520000,100,0,3958.98,4,119.44,0.559988
19.530000,100,0,3959.59,4,119.462,0.537936
19.540000,100,0,3960.2,4,119.484,0.515893
19.550000,100,0,3960.8,4,119.506,0.493859
19.560000,100,0,3961.41,4,119.528,0.471835
19.570000,100,0,3962.01,4,119.55,0.449819
19.580000,100,0,3962.62,4,119.572,0.427812
19.590000,100,0,3963.22,4,119.594,0.405814
19.600000,100,0,3963.83,4,119.616,0.383826
19.610000,100,0,3964.43,4,119.638,0.361846
19.620000,100,0,3965.03,4,119.66,0.339875
19.630000,100,0,3965.64,4,119.682,0.317914
19.640000,100,0,3966.24,4,119.704,0.295961
19.650000,100,0,3966.84,4,119.726,0.274017
19.660000,100,0,3967.44,4,119.748,0.252082
19.670000,100,0,3968.05,4,119.77,0.230156
19.680000,100,0,3968.65,4,119.792,0.20824
19.690000,100,0,3969.25,4,119.814,0.186332
19.700000,100,0,3969.85,4,119.836,0.164433
19.710000,100,0,3970.45,4,119.857,0.142543
19.720000,100,0,3971.05,4,119.879,0.120662
19.730000,100,0,3971.65,4,119.901,0.0987903
19.740000,100,0,3972.26,4,119.923,0.0769273
19.750000,100,0,3972.86,4,119.945,0.0550732
19.760000,100,0,3973.45,4,119.967,0.0332282
19.770000,100,0,3974.05,4,119.989,0.0113921
19.780000,100,0,3974.65,4,120.01,-0.0104351
19.790000,100,0,3975.25,4,120.032,-0.0322533
19.800000,100,0,3975.85,4,120.054,-0.0540626
19.810000,100,0,3976.45,4,120.076,-0.0758629
19.820000,100,0,3977.05,4,120.098,-0.0976543
19.830000,100,0,3977.65,4,120.119,-0.119437
19.840000,100,0,3978.24,4,120.141,-0.14121
19.850000,100,0,3978.84,4,120.163,-0.162975
19.860000,100,0,3979.44,4,120.185,-0.18473
19.870000,100,0,3980.03,4,120.206,-0.206477
19.880000,100,0,3980.63,4,120.228,-0.228215
19.890000,100,0,3981.23,4,120.25,-0.249944
19.900000,100,0,3981.82,4,120.272,-0.271664
19.910000,100,0,3982.42,4,120.293,-0.293375
19.920000,100,0,3983.01,4,120.315,-0.315077
19.930000,100,0,3983.61,4,120.337,-0.33677
19.940000,100,0,3984.2,4,120.358,-0.358454
19.950000,100,0,3984.8,4,120.38,-0.38013
19.960000,100,0,3985.39,4,120.402,-0.401796
19.970000,100,0,3985.98,4,120.423,-0.423454
19.980000,100,0,3986.58,4,120.445,-0.445103
19.990000,100,0,3987.17,4,120.467,-0.466742
20.000000,100,0,3987.76,4,120.488,-0.488373
